Ticker,,12/31/1994,12/31/1995,12/31/1996,12/31/1997,12/31/1998,12/31/1999,12/31/2000,12/31/2001,12/31/2002,12/31/2003,12/31/2004,12/31/2005,12/31/2006,12/31/2007,12/31/2008,12/31/2009,12/31/2010,12/31/2011,12/31/2012,12/31/2013,12/31/2014,12/31/2015,12/31/2016,12/31/2017,12/31/2018,12/31/2019,12/31/2020,12/31/2021,12/31/2022,12/31/2023,12/31/2024
BRK,Market Capitalization,,,40997,56793,87482,85223,108714,115599,111644,130024,136188,136568,169601,220391,151615,152615,198016,188879,222490,292537,369620,324390,402026,488698,502503,553678,542551,669065,680812,776353,1003840
BRK,Market Cap Growth,,,,38.53%,54.04%,-2.58%,27.56%,6.33%,-3.42%,16.46%,4.74%,0.28%,24.19%,29.95%,-31.21%,0.66%,29.75%,-4.61%,17.79%,31.48%,26.35%,-12.24%,23.93%,21.56%,2.82%,10.18%,-2.01%,23.32%,1.76%,14.03%,17.58%
BRK,Enterprise Value,,-1642,41602,58058,76285,83853,106114,143070,121973,111117,107371,106359,158463,209888,162958,159966,218363,211964,238234,316575,386241,336949,475622,559702,569632,592871,611456,695143,767745,866602,856259
BRK,PE Ratio,,,16.47,29.88,30.91,54.74,32.67,145.41,26.05,15.95,18.64,16.01,15.4,16.68,30.36,18.95,15.27,18.42,15.01,15.02,18.6,13.47,16.7,10.87,124.97,6.8,12.76,7.44,-29.91,8.07,14.84
BRK,PS Ratio,,,3.9,5.45,6.33,3.55,3.12,3,2.64,2.04,1.93,1.77,1.82,1.92,1.47,1.39,1.48,1.34,1.37,1.61,1.9,1.54,1.8,2.02,2.23,1.69,1.9,1.89,2.91,1.77,2.72
BRK,PB Ratio,,,1.75,1.81,1.52,1.48,1.76,2,1.74,1.68,1.59,1.49,1.56,1.83,1.39,1.16,1.26,1.15,1.19,1.32,1.54,1.27,1.43,1.4,1.44,1.3,1.22,1.32,1.44,1.38,1.67
BRK,P/FCF Ratio,,,32.54,24.32,133.15,38.74,36.89,17.58,10.94,17.87,22.57,18.83,30.16,30.71,29.65,13.99,16.62,15.37,19.91,17.6,21.97,21.05,20.41,14.37,21.98,24.38,20.27,25.58,31.11,26.06,31.04
BRK,P/OCF Ratio,,,32.54,24.32,133.15,38.74,36.89,17.58,10.03,15.59,18.63,14.46,16.64,17.56,13.47,9.63,11.07,9.22,10.62,10.56,11.55,10.3,12.31,10.69,13.44,14.31,13.64,16.97,18.23,15.78,19.19
BRK,EV/Sales Ratio,,-0.36,3.96,5.57,5.52,3.49,3.04,3.71,2.89,1.74,1.52,1.38,1.7,1.83,1.58,1.46,1.64,1.5,1.47,1.74,1.98,1.6,2.13,2.31,2.53,1.81,2.14,1.96,3.28,1.97,2.31
BRK,EV/EBITDA Ratio,,-1.36,10.57,18.5,16.37,25.95,16.36,56.44,16.9,8.58,8.56,7.39,7.8,8.7,13.87,9.57,8.59,9.22,7.77,8.39,10.05,7.34,10.35,15.13,32.87,5.1,8.78,5.53,-47.95,6.34,8.55
BRK,EV/EBIT Ratio,,-1.45,10.99,19.94,17.35,32.97,19.33,89.98,18.66,9.18,9.26,7.93,8.69,9.66,18.24,11.78,10.33,12.12,9.73,10.14,12.44,8.84,12.84,20.13,75.42,5.58,10.36,6.04,-28.53,6.97,9.8
BRK,EV/FCF Ratio,,-1.46,33.02,24.86,116.11,38.11,36.01,21.76,11.95,15.27,17.8,14.67,28.18,29.24,31.86,14.66,18.33,17.25,21.32,19.05,22.96,21.87,24.15,16.45,24.92,26.11,22.85,26.58,35.08,29.09,26.51
BRK,Debt / Equity Ratio,,0.06,0.08,0.07,0.04,0.04,0.04,0.59,0.36,0.22,0.17,0.16,0.3,0.28,0.34,0.29,0.37,0.37,0.33,0.33,0.33,0.33,0.36,0.29,0.28,0.24,0.26,0.23,0.26,0.23,0.21
BRK,Debt / EBITDA Ratio,,0.88,0.49,0.72,0.51,0.76,0.41,13.4,3.2,1.32,1.17,1,1.61,1.4,3.14,2.27,2.31,2.63,2.05,1.91,2.08,1.84,2.21,2.77,5.62,0.89,1.68,0.91,-7.67,0.94,1.22
BRK,Debt / FCF Ratio,,0.94,1.54,0.97,3.63,1.12,0.9,5.17,2.26,2.34,2.42,1.99,5.8,4.71,7.21,3.48,4.92,4.92,5.61,4.35,4.75,5.47,5.16,3.02,4.26,4.55,4.37,4.37,5.61,4.31,3.83
BRK,Interest Coverage,12.92,19.06,37.86,25.99,40.33,18.98,38.13,7.76,34.05,79.14,16.09,18.55,10.58,11.37,4.55,6.82,8.26,6.56,8.93,11.15,9.55,10.85,9.91,6.34,1.96,26.83,14.46,27.57,-6.18,24.83,17.36
BRK,Asset Turnover,,,0.29,0.21,0.18,0.19,0.26,0.25,0.25,0.37,0.36,0.4,0.39,0.42,0.37,0.39,0.37,0.37,0.39,0.4,0.38,0.39,0.37,0.36,0.32,0.42,0.35,0.39,0.25,0.43,0.38
BRK,Return on Equity (ROE),,,12.40%,6.80%,7.10%,2.70%,5.70%,1.40%,6.90%,11.40%,8.90%,9.60%,10.90%,11.30%,4.30%,6.80%,8.70%,6.30%,8.20%,9.40%,8.50%,9.70%,9.00%,14.40%,1.10%,20.70%,10.50%,19.00%,-4.80%,18.10%,12.00%
BRK,Return on Assets (ROA),,,6.90%,3.80%,3.80%,1.20%,2.50%,0.50%,2.60%,4.70%,3.70%,4.40%,4.60%,4.90%,1.80%,2.90%,3.60%,2.70%,3.50%,4.30%,3.90%,4.40%,4.00%,6.60%,0.60%,10.50%,5.20%,9.80%,-2.40%,9.30%,6.40%
BRK,Return on Capital (ROIC),,4.77%,10.13%,5.92%,4.88%,2.77%,5.48%,0.94%,4.80%,8.46%,6.81%,7.28%,7.76%,9.46%,4.17%,5.61%,7.03%,5.56%,6.80%,7.36%,7.01%,7.90%,6.84%,10.73%,2.44%,15.89%,8.17%,15.06%,-4.70%,14.42%,11.72%
BRK,Earnings Yield,,,6.07%,3.35%,3.23%,1.83%,3.06%,0.69%,3.84%,6.27%,5.37%,6.24%,6.49%,6.00%,3.29%,5.28%,6.55%,5.43%,6.66%,6.66%,5.38%,7.42%,5.99%,9.20%,0.80%,14.70%,7.84%,13.44%,-3.34%,12.39%,6.77%
BRK,FCF Yield,,,3.07%,4.11%,0.75%,2.58%,2.71%,5.69%,9.14%,5.60%,4.43%,5.31%,3.32%,3.26%,3.37%,7.15%,6.02%,6.50%,5.02%,5.68%,4.55%,4.75%,4.90%,6.96%,4.55%,4.10%,4.93%,3.91%,3.21%,3.84%,3.22%
BRK,Buyback Yield / Dilution,,,,-29.17%,-74.48%,-181.47%,-2.00%,-11.25%,-9.12%,-12.44%,-8.08%,-3.92%,-49.45%,-10.59%,-5.77%,-1.28%,-39.74%,-2.83%,-3.05%,-6.36%,0.01%,-50.08%,-0.04%,-0.05%,0.05%,0.60%,2.42%,5.29%,2.74%,1.36%,1.21%
BRK,Total Shareholder Return,,,,-29.17%,-74.48%,-181.47%,-2.00%,-11.25%,-9.12%,-12.44%,-8.08%,-3.92%,-49.45%,-10.59%,-5.77%,-1.28%,-39.74%,-2.83%,-3.05%,-6.36%,0.01%,-50.08%,-0.04%,-0.05%,0.05%,0.60%,2.42%,5.29%,2.74%,1.36%,1.21%
MMC,Market Capitalization,,,7561,12664,15037,25530,32185,29524,24818,25393,17336,17300,16897,13768,12477,11647,14858,17011,18765,26539,30961,28925,34849,41538,40171,56225,59341,87761,82080,93422,110335
MMC,Market Cap Growth,,,,67.50%,18.73%,69.78%,26.07%,-8.27%,-15.94%,2.32%,-31.73%,-0.21%,-2.33%,-18.52%,-9.38%,-6.65%,27.56%,14.49%,10.31%,41.43%,16.66%,-6.57%,20.48%,19.19%,-3.29%,39.97%,5.54%,47.89%,-6.47%,13.82%,16.71%
MMC,Enterprise Value,,654,8112,13717,18251,28590,34629,32078,27706,28085,21293,20822,19853,15499,14394,13532,15998,17826,19382,27191,32382,31965,38630,45820,44929,69294,70831,99171,83450,94706,123510
MMC,PE Ratio,,,16.46,29.18,18.89,35.17,27.25,30.31,18.18,16.49,98.5,42.82,17.07,5.56,-170.91,51.31,17.38,17.13,15.96,19.56,21.13,18.09,19.71,27.84,24.35,32.28,29.44,27.92,26.91,24.87,27.71
MMC,PS Ratio,,,1.72,2.11,2.09,2.79,3.12,2.99,2.39,2.27,1.48,1.72,1.63,1.24,1.16,1.19,1.41,1.48,1.57,2.16,2.39,2.24,2.64,2.96,2.69,3.38,3.45,4.43,3.96,4.11,4.62
MMC,PB Ratio,,,4,3.92,4.11,6.12,6.16,5.71,4.95,4.66,3.43,3.23,2.9,1.76,2.18,2,2.33,2.89,2.87,3.36,4.39,4.44,5.63,5.65,5.35,7.22,6.52,7.97,7.8,7.66,7.95
MMC,P/FCF Ratio,,,47.26,59.46,19.58,46,40.95,28.75,26.63,17.65,10.1,173,27.48,-20.55,22.08,34.06,32.51,11.91,18.62,28.08,17.65,18.48,19.82,25.98,18.98,28.98,19.56,28.22,27.41,24.32,29.27
MMC,P/OCF Ratio,,,23.85,30.52,13.03,24.76,24.8,20.22,18.56,13.6,8.38,43.36,21.5,-45.44,13.27,18.2,20.58,9.98,14.19,19.79,14.61,15.32,17.36,21.94,16.54,23.81,17.55,24.96,23.69,21.94,26.72
MMC,EV/Sales Ratio,,0.17,1.84,2.28,2.54,3.12,3.36,3.25,2.67,2.51,1.82,2.07,1.92,1.39,1.34,1.38,1.52,1.55,1.63,2.22,2.5,2.48,2.92,3.27,3.01,4.16,4.11,5,4.03,4.17,5.16
MMC,EV/EBITDA Ratio,,0.77,9.33,13.44,10.63,14.94,13.93,14.01,10.53,9.8,19.53,15.76,9.67,4.45,21.68,15.85,9.7,9.16,8.82,10.98,12.44,11.19,12.54,13.71,14.94,17.8,16.19,17.41,14.8,14.44,17.05
MMC,EV/EBIT Ratio,,0.92,11.12,16.69,12.63,19.28,15.88,18.13,12.19,11.34,33.59,25.06,12.69,5.1,55.36,27.67,12.38,11.04,10.48,12.84,14.61,13.14,14.62,16.01,17.87,23.63,21.61,21.46,18.49,17.04,18.96
MMC,EV/FCF Ratio,,3.61,50.7,64.4,23.76,51.51,44.06,31.23,29.73,19.52,12.41,208.22,32.28,-23.13,25.48,39.57,35.01,12.48,19.23,28.77,18.46,20.43,21.97,28.66,21.22,35.72,23.35,31.89,27.86,24.65,32.77
MMC,Debt / Equity Ratio,,0.59,0.45,0.46,1.05,0.84,0.51,0.6,0.68,0.62,1.05,1.03,0.85,0.49,0.63,0.62,0.48,0.5,0.45,0.37,0.48,0.68,0.78,0.75,0.78,1.83,1.49,1.2,1.28,1.27,1.08
MMC,Debt / EBITDA Ratio,,1.16,0.98,1.45,2.23,1.82,1.08,1.35,1.31,1.17,4.89,4.2,2.42,1.11,5.42,4.21,1.84,1.5,1.33,1.19,1.3,1.55,1.56,1.64,1.94,3.65,3.1,2.31,2.39,2.35,2.08
MMC,Debt / FCF Ratio,,5.42,5.32,6.93,4.98,6.28,3.41,3.01,3.68,2.33,3.1,55.42,8.08,-5.77,6.38,10.5,6.64,2.05,2.89,3.13,1.93,2.82,2.73,3.43,2.75,7.33,4.48,4.23,4.5,4.02,3.92
MMC,Interest Coverage,13.27,11.35,11.84,7.68,10.32,6.36,8.83,9.03,14.2,13.38,2.89,2.5,5.17,11.39,1.18,2.03,5.55,8.11,10.22,12.68,13.43,14.93,13.98,12.08,8.67,5.6,6.37,10.41,9.62,9.62,9.82
MMC,Quick Ratio,,0.93,0.89,0.82,0.51,0.63,0.74,0.73,0.78,0.92,0.89,1.09,0.8,1.43,1.31,1.19,1.59,1.34,1.5,1.47,1.45,1.31,1.14,1.25,1.09,0.96,1.13,1.1,1.01,1.04,1.08
MMC,Current Ratio,,1.07,1.12,1.1,0.66,0.75,0.88,0.86,0.95,1.05,1.05,1.21,1.18,1.56,1.41,1.33,1.7,1.51,1.67,1.65,1.51,1.36,1.2,1.31,1.21,1.06,1.24,1.24,1.06,1.1,1.14
MMC,Asset Turnover,,,0.99,0.8,0.77,0.74,0.76,0.73,0.78,0.77,0.71,0.57,0.58,0.64,0.67,0.65,0.69,0.76,0.77,0.75,0.74,0.74,0.73,0.71,0.7,0.53,0.53,0.6,0.58,0.51,0.49
MMC,Return on Equity (ROE),,,25.80%,13.60%,22.30%,17.80%,24.50%,18.80%,26.80%,28.60%,3.20%,7.80%,16.70%,37.60%,-1.10%,3.90%,13.80%,15.50%,18.40%,19.10%,18.90%,24.30%,27.00%,21.40%,21.60%,22.20%,24.30%,31.20%,29.20%,32.30%,31.20%
MMC,Return on Assets (ROA),,,10.40%,5.80%,8.50%,5.90%,8.70%,7.20%,10.30%,10.60%,1.10%,2.30%,5.60%,14.30%,-0.50%,1.50%,5.60%,6.50%,7.60%,8.30%,8.40%,9.10%,9.70%,7.60%,7.70%,5.60%,6.20%,9.50%,8.50%,8.50%,8.30%
MMC,Return on Capital (ROIC),,16.28%,17.95%,10.28%,11.57%,11.13%,16.82%,13.21%,17.39%,18.68%,2.44%,4.38%,6.89%,6.52%,-13.29%,7.56%,8.06%,13.05%,13.63%,13.30%,15.75%,15.59%,15.93%,11.75%,15.36%,8.80%,9.86%,13.42%,13.45%,14.42%,14.96%
MMC,Earnings Yield,,,6.07%,3.43%,5.29%,2.84%,3.67%,3.30%,5.50%,6.06%,1.02%,2.34%,5.86%,17.98%,-0.59%,1.95%,5.75%,5.84%,6.27%,5.11%,4.73%,5.53%,5.07%,3.59%,4.11%,3.10%,3.40%,3.58%,3.72%,4.02%,3.65%
MMC,FCF Yield,,,2.12%,1.68%,5.11%,2.17%,2.44%,3.48%,3.76%,5.67%,9.90%,0.58%,3.64%,-4.87%,4.53%,2.94%,3.08%,8.39%,5.37%,3.56%,5.67%,5.41%,5.04%,3.85%,5.27%,3.45%,5.11%,3.54%,3.65%,4.11%,3.42%
MMC,Dividend Yield,3.50%,3.40%,3.20%,2.50%,2.50%,1.80%,1.60%,1.90%,2.40%,3.10%,2.60%,2.10%,2.20%,2.90%,3.30%,3.60%,3.00%,2.70%,2.60%,2.00%,1.90%,2.10%,1.90%,1.80%,2.00%,1.60%,1.60%,1.20%,1.40%,1.40%,1.45%
MMC,Payout Ratio,,35.90%,34.70%,71.50%,47.10%,61.60%,43.60%,58.20%,43.30%,51.60%,254.50%,90.70%,37.80%,16.90%,-615.40%,186.00%,51.90%,47.30%,41.70%,38.90%,39.40%,39.20%,38.10%,49.10%,48.50%,50.60%,46.20%,32.30%,36.80%,34.20%,40.21%
MMC,Buyback Yield / Dilution,,33.97%,0.69%,-70.28%,-5.18%,-3.03%,-4.60%,-0.53%,2.62%,1.62%,2.37%,-1.50%,-2.58%,3.23%,4.64%,-1.95%,-3.82%,-1.29%,-0.18%,-1.09%,0.90%,3.07%,2.24%,0.95%,1.54%,,-0.20%,-0.20%,1.56%,1.19%,0.60%
MMC,Total Shareholder Return,3.50%,37.37%,3.89%,-67.78%,-2.68%,-1.23%,-3.00%,1.37%,5.02%,4.72%,4.97%,0.60%,-0.38%,6.13%,7.94%,1.65%,-0.82%,1.41%,2.42%,0.91%,2.80%,5.17%,4.14%,2.75%,3.54%,1.60%,1.40%,1.00%,2.96%,2.59%,2.05%
PGR,Market Capitalization,,,4838,8663,12280,5347,7610,10945,10808,18055,16985,23035,18448,13376,10006,12129,13181,12108,12760,16362,15903,18589,20618,32758,35181,42321,57904,60057,75889,93185,147106
PGR,Market Cap Growth,,,,79.07%,41.75%,-56.46%,42.33%,43.82%,-1.25%,67.06%,-5.93%,35.62%,-19.91%,-27.50%,-25.19%,21.22%,8.67%,-8.14%,5.38%,28.23%,-2.81%,16.89%,10.92%,58.88%,7.40%,20.30%,36.82%,3.72%,26.36%,22.79%,57.01%
PGR,Enterprise Value,,660,5598,9415,13038,6381,8350,12029,12280,19533,18250,24314,19628,15544,12179,14146,14980,14395,14644,18148,17959,21072,23540,35789,39511,46501,63224,64753,82057,99974,154127
PGR,PE Ratio,,,15.74,21.66,26.89,18.11,165.07,26.6,16.2,14.38,10.3,16.53,11.2,11.31,-142.94,11.47,12.34,11.92,14.14,14.04,12.41,14.66,20,20.57,13.56,10.73,10.2,18.07,109.26,24.11,18.25
PGR,PS Ratio,,,1.39,1.88,2.32,0.87,1.12,1.46,1.16,1.52,1.23,1.61,1.25,0.91,0.78,0.83,0.87,0.77,0.75,0.9,0.82,0.89,0.88,1.22,1.1,1.09,1.36,1.26,1.53,1.5,2.04
PGR,PB Ratio,,,2.89,4.06,4.8,1.94,2.65,3.37,2.87,3.59,3.3,3.77,2.69,2.71,2.37,2.11,2.18,2.09,2.12,2.64,2.3,2.55,2.59,3.53,3.25,3.1,3.4,3.29,4.78,4.6,5.42
PGR,P/FCF Ratio,,,7.85,14.14,26.24,8.11,11,9.44,5.93,7.97,6.88,12.72,10.82,8.07,6.89,8.53,8.12,8.52,8.14,9.28,9.8,8.56,8.17,9.06,5.84,7.11,8.64,7.92,11.51,8.93,9.23
PGR,P/OCF Ratio,,,7.42,11.79,19.12,6.73,9.25,8.86,5.65,7.41,6.38,11.55,9.11,7.47,6.46,8.16,7.85,8.08,7.54,8.61,9.22,8.11,7.54,8.72,5.6,6.76,8.39,7.74,11.08,8.76,9.11
PGR,EV/Sales Ratio,,0.22,1.61,2.04,2.46,1.04,1.23,1.61,1.32,1.64,1.32,1.7,1.33,1.06,0.95,0.97,0.98,0.91,0.86,1,0.93,1.01,1,1.33,1.24,1.19,1.48,1.36,1.65,1.61,2.14
PGR,EV/EBITDA Ratio,,1.56,10.62,13.85,16.75,11.39,44.6,16.69,10.77,9.55,6.94,10.88,7.51,8.14,902.12,7.93,8.41,8.43,9.53,9.36,8.47,9.73,13.19,14.19,11.02,8.24,8.19,13.59,54.62,18.27,14.26
PGR,EV/EBIT Ratio,,1.64,11.12,14.64,18.05,13.06,76.18,18.8,11.63,9.99,7.21,11.35,7.82,8.63,-142.27,8.34,8.82,8.89,10.16,9.87,8.87,10.46,14.85,15.65,11.89,8.71,8.56,14.62,70.4,19.33,14.64
PGR,EV/FCF Ratio,,1.34,9.08,15.36,27.86,9.68,12.06,10.37,6.74,8.62,7.39,13.43,11.51,9.38,8.39,9.95,9.23,10.12,9.34,10.29,11.06,9.7,9.33,9.9,6.55,7.81,9.43,8.54,12.45,9.58,9.74
PGR,Debt / Equity Ratio,,0.46,0.46,0.36,0.3,0.38,0.26,0.34,0.4,0.3,0.25,0.21,0.17,0.44,0.52,0.38,0.32,0.42,0.34,0.3,0.31,0.37,0.4,0.36,0.41,0.32,0.32,0.27,0.4,0.34,0.3
PGR,Debt / EBITDA Ratio,,1.6,1.47,1.14,1,1.87,4,1.52,1.31,0.73,0.49,0.58,0.45,1.14,161.15,1.22,1.1,1.43,1.34,0.96,1.02,1.25,1.76,1.31,1.23,0.78,0.7,1.03,4.25,1.26,0.74
PGR,Debt / FCF Ratio,,1.37,1.26,1.27,1.66,1.59,1.08,0.94,0.82,0.66,0.52,0.71,0.7,1.31,1.5,1.53,1.21,1.72,1.32,1.06,1.33,1.25,1.25,0.91,0.73,0.74,0.8,0.65,0.97,0.66,0.52
PGR,Interest Coverage,7.87,7.06,8.18,9.96,11.82,6.4,1.41,12.26,14.16,20.47,31.33,25.93,32.48,16.59,-0.63,12.2,12.72,12.21,11.64,15.55,17.32,14.81,11.25,14.93,19.97,28.15,34.06,20.26,4.79,19.27,32.28
PGR,Asset Turnover,,,0.59,0.64,0.64,0.64,0.66,0.7,0.73,0.77,0.78,0.77,0.76,0.74,0.69,0.75,0.71,0.72,0.75,0.76,0.76,0.72,0.72,0.72,0.72,0.75,0.7,0.68,0.67,0.74,0.74
PGR,Return on Equity (ROE),,,19.80%,20.40%,18.90%,10.80%,1.70%,13.40%,19.00%,28.00%,29.20%,24.50%,25.10%,20.80%,-1.60%,20.70%,16.90%,16.70%,14.40%,18.00%,18.90%,17.30%,13.10%,17.60%,23.60%,29.60%,34.30%,18.10%,4.40%,21.70%,33.10%
PGR,Return on Assets (ROA),,,5.20%,5.50%,5.50%,3.10%,0.40%,3.90%,5.30%,8.10%,9.30%,7.50%,8.40%,5.90%,-0.40%,5.50%,5.00%,4.70%,4.00%,4.80%,5.00%,4.40%,3.20%,4.30%,5.90%,7.50%,9.40%,4.80%,0.90%,4.60%,7.50%
PGR,Return on Capital (ROIC),,13.56%,14.57%,15.27%,14.97%,9.20%,4.39%,10.31%,13.66%,20.24%,26.45%,19.61%,21.16%,17.70%,-1.34%,14.53%,14.48%,13.41%,12.23%,15.47%,14.95%,13.82%,10.36%,13.59%,18.11%,22.81%,26.20%,15.24%,4.09%,15.15%,23.55%
PGR,Earnings Yield,,,6.35%,4.62%,3.72%,5.52%,0.61%,3.76%,6.17%,6.95%,9.71%,6.05%,8.93%,8.84%,-0.70%,8.72%,8.10%,8.39%,7.07%,7.12%,8.06%,6.82%,5.00%,4.86%,7.37%,9.32%,9.81%,5.53%,0.92%,4.15%,5.49%
PGR,FCF Yield,,,12.74%,7.07%,3.81%,12.33%,9.09%,10.60%,16.86%,12.55%,14.54%,7.86%,9.25%,12.39%,14.51%,11.72%,12.31%,11.74%,12.28%,10.78%,10.21%,11.69%,12.24%,11.04%,17.13%,14.06%,11.58%,12.63%,8.69%,11.20%,10.84%
PGR,Dividend Yield,0.60%,0.40%,0.30%,0.20%,0.20%,0.40%,0.30%,0.20%,0.20%,0.10%,0.10%,0.10%,0.10%,10.40%,1.00%,0.00%,5.80%,2.00%,6.70%,1.00%,5.50%,2.20%,2.50%,1.20%,1.90%,3.90%,2.70%,6.20%,0.30%,0.30%,0.16%
PGR,Payout Ratio,6.00%,6.40%,5.30%,4.30%,5.00%,6.50%,44.20%,4.90%,3.10%,1.70%,1.40%,1.70%,1.50%,120.50%,-145.00%,0.00%,71.70%,24.80%,93.80%,14.60%,68.80%,31.80%,50.20%,24.90%,25.30%,41.70%,27.30%,112.50%,33.60%,6.10%,2.91%
PGR,Buyback Yield / Dilution,,,0.28%,-1.48%,0.80%,0.13%,0.36%,-0.99%,0.89%,1.21%,1.95%,7.57%,1.94%,8.33%,6.21%,0.25%,1.32%,3.98%,4.57%,0.69%,1.46%,0.94%,0.71%,-0.12%,-0.17%,-0.09%,-0.07%,0.09%,0.02%,-0.07%,-0.04%
PGR,Total Shareholder Return,0.60%,0.40%,0.58%,-1.28%,1.00%,0.53%,0.66%,-0.79%,1.09%,1.31%,2.05%,7.67%,2.04%,18.73%,7.21%,0.25%,7.12%,5.98%,11.27%,1.69%,6.96%,3.14%,3.21%,1.08%,1.73%,3.81%,2.63%,6.29%,0.32%,0.23%,0.12%
ALL,Market Capitalization,,,25521,38808,31589,19378,31856,24029,26002,30268,35491,35072,40690,29809,17558,16116,17157,13852,19402,24807,29465,24048,27294,37573,28461,36429,33426,33727,35962,36631,51560
ALL,Market Cap Growth,,,,52.06%,-18.60%,-38.66%,64.39%,-24.57%,8.21%,16.40%,17.26%,-1.18%,16.02%,-26.74%,-41.10%,-8.21%,6.46%,-19.27%,40.07%,27.86%,18.78%,-18.39%,13.50%,37.66%,-24.25%,27.99%,-8.24%,0.90%,6.63%,1.86%,47.02%
ALL,Enterprise Value,,1138,26791,40284,33077,21975,34965,27687,29780,34978,40411,40059,44909,35027,22802,21414,22503,18984,24653,30333,33948,28677,33205,43306,34413,42722,40940,40940,43190,43851,61063
ALL,PE Ratio,,,12.3,12.5,9.59,7.12,14.41,20.75,22.93,11.19,11.16,19.87,8.15,6.43,-10.46,18.87,18.83,17.6,8.41,10.96,10.73,11.7,15.5,10.93,14.15,7.79,6.12,22.49,-25.8,-115.92,17.77
ALL,PS Ratio,,,1.05,1.56,1.22,0.72,1.09,0.83,0.88,0.94,1.05,0.99,1.14,0.81,0.6,0.5,0.55,0.42,0.58,0.72,0.84,0.67,0.73,0.95,0.72,0.88,0.8,0.67,0.7,0.64,0.85
ALL,PB Ratio,,,1.9,2.49,1.83,1.17,1.83,1.4,1.49,1.47,1.63,1.74,1.86,1.36,1.39,0.97,0.9,0.76,0.94,1.16,1.32,1.2,1.33,1.67,1.34,1.4,1.11,1.34,2.06,2.06,3.11
ALL,P/FCF Ratio,,,8.77,12.16,11.69,9.43,22.26,11.45,6.22,5.48,6.74,6.48,8.31,5.78,4.85,3.92,4.86,8.23,7.01,6.15,9.99,7.26,7.42,9.36,5.81,7.76,6.45,7.07,7.32,9.19,8.24
ALL,P/OCF Ratio,,,8.41,11.61,10.93,8.55,18.4,10.52,5.89,5.32,6.49,6.26,8.05,5.49,4.49,3.75,4.65,7.18,6.35,5.85,9.11,6.65,6.84,8.71,5.5,7.1,6.09,6.59,7.02,8.66,7.96
ALL,EV/Sales Ratio,,0.05,1.1,1.61,1.28,0.82,1.2,0.96,1.01,1.09,1.19,1.13,1.25,0.95,0.78,0.67,0.72,0.58,0.74,0.88,0.96,0.8,0.89,1.1,0.86,1.03,0.98,0.81,0.84,0.77,1.01
ALL,EV/EBITDA Ratio,,0.45,9.67,8.94,6.87,5.52,10.97,20.17,21.05,9.15,8.57,17.04,6.11,5.21,-7.48,13.82,14.42,12.03,6.06,7.34,6.89,7.27,9.68,8.07,9.91,6.16,5.15,9.47,-72.59,57.7,12.63
ALL,EV/EBIT Ratio,,0.44,9.61,8.89,6.84,5.5,10.81,18.72,20.16,9.14,8.56,16.57,5.96,5.01,-8.53,13.06,15.34,14.32,6.7,8.06,7.45,8.02,10.89,8.87,11.63,6.79,5.63,12.65,-29.95,783.05,14.44
ALL,EV/FCF Ratio,,0.43,9.21,12.62,12.24,10.69,24.43,13.19,7.13,6.33,7.67,7.41,9.18,6.79,6.3,5.21,6.38,11.28,8.9,7.52,11.52,8.66,9.02,10.79,7.03,9.1,7.9,8.58,8.8,11,9.75
ALL,Debt / Equity Ratio,,0.1,0.1,0.11,0.1,0.17,0.19,0.23,0.24,0.25,0.24,0.26,0.21,0.26,0.45,0.35,0.31,0.32,0.29,0.29,0.23,0.26,0.31,0.28,0.3,0.26,0.26,0.32,0.46,0.45,0.43
ALL,Debt / EBITDA Ratio,,0.48,0.5,0.38,0.36,0.72,1.04,2.86,3,1.33,1.13,2.25,0.63,0.84,-1.86,3.82,3.78,3.74,1.49,1.5,1.04,1.3,1.85,1.18,1.86,0.96,0.98,1.85,-13.38,10.45,1.72
ALL,Debt / FCF Ratio,,0.47,0.48,0.53,0.65,1.39,2.33,1.87,1.01,0.92,1.01,0.98,0.95,1.09,1.56,1.44,1.68,3.51,2.19,1.54,1.74,1.55,1.72,1.58,1.32,1.41,1.51,1.67,1.62,1.99,1.29
ALL,Interest Coverage,4.43,31.58,29.36,45.29,40.97,30.98,14.13,5.96,5.31,13.91,15.32,7.33,21.11,20.98,-7.62,4.18,4,3.61,9.86,10.25,14.16,12.24,10.34,14.58,8.92,19.24,22.85,9.81,-4.3,0.15,10.5
ALL,Asset Turnover,,,0.34,0.32,0.3,0.29,0.28,0.27,0.26,0.25,0.24,0.23,0.23,0.23,0.2,0.24,0.24,0.26,0.26,0.28,0.31,0.34,0.35,0.35,0.35,0.35,0.35,0.41,0.53,0.56,0.58
ALL,Return on Equity (ROE),,,15.90%,21.30%,19.80%,16.20%,13.20%,6.70%,6.50%,14.00%,14.90%,8.50%,23.40%,21.20%,-9.70%,5.60%,4.90%,4.20%,11.50%,10.90%,12.30%,9.80%,8.50%,15.70%,8.80%,18.70%,20.10%,5.60%,-7.10%,-1.90%,16.70%
ALL,Return on Assets (ROA),,,2.90%,4.00%,3.80%,3.00%,2.10%,1.10%,1.00%,2.10%,2.20%,1.10%,3.20%,2.90%,-1.20%,0.60%,0.70%,0.60%,1.80%,1.80%,2.40%,1.90%,1.60%,3.10%,1.80%,3.90%,4.50%,1.20%,-1.40%,-0.30%,2.80%
ALL,Return on Capital (ROIC),,25.32%,25.99%,25.96%,25.15%,22.87%,21.16%,19.08%,19.96%,20.46%,21.13%,18.00%,27.98%,25.60%,3.31%,14.05%,16.58%,17.20%,20.37%,22.63%,22.00%,20.13%,20.21%,27.19%,25.31%,27.88%,26.61%,23.55%,23.38%,27.88%,35.69%
ALL,Earnings Yield,,,8.13%,8.00%,10.43%,14.04%,6.94%,4.82%,4.36%,8.94%,8.96%,5.03%,12.27%,15.55%,-9.56%,5.30%,5.31%,5.68%,11.89%,9.12%,9.32%,8.55%,6.45%,9.15%,7.07%,12.84%,16.34%,4.45%,-3.88%,-0.86%,5.64%
ALL,FCF Yield,,,11.40%,8.23%,8.56%,10.60%,4.49%,8.74%,16.07%,18.24%,14.84%,15.42%,12.03%,17.31%,20.61%,25.52%,20.56%,12.15%,14.27%,16.27%,10.01%,13.78%,13.48%,10.69%,17.21%,12.89%,15.51%,14.15%,13.65%,10.89%,12.13%
ALL,Dividend Yield,3.00%,1.90%,1.50%,1.10%,1.40%,2.50%,1.60%,2.30%,3.00%,2.10%,2.20%,2.40%,2.20%,2.90%,5.00%,2.70%,2.50%,3.10%,2.20%,1.80%,1.60%,1.90%,1.80%,1.40%,2.20%,1.80%,2.00%,2.80%,2.50%,2.50%,1.88%
ALL,Payout Ratio,66.70%,18.40%,18.30%,13.40%,13.60%,17.60%,22.90%,47.20%,68.40%,23.90%,24.50%,47.90%,17.70%,19.50%,-53.60%,50.60%,47.30%,55.60%,18.70%,20.50%,17.60%,23.40%,28.00%,15.60%,31.80%,14.00%,12.30%,63.70%,-66.10%,-296.70%,33.46%
ALL,Buyback Yield / Dilution,,0.07%,0.29%,2.63%,4.15%,3.92%,6.85%,3.39%,1.85%,0.52%,0.84%,4.71%,4.51%,6.23%,8.23%,1.35%,-0.30%,3.58%,5.75%,4.60%,6.83%,7.17%,7.25%,2.52%,3.97%,5.58%,5.40%,5.20%,9.33%,3.21%,0.17%
ALL,Total Shareholder Return,3.00%,1.97%,1.79%,3.73%,5.55%,6.42%,8.45%,5.69%,4.85%,2.62%,3.04%,7.11%,6.71%,9.13%,13.23%,4.05%,2.20%,6.68%,7.95%,6.40%,8.43%,9.07%,9.05%,3.92%,6.17%,7.38%,7.40%,8.00%,11.83%,5.71%,2.07%
AJG,Market Capitalization,,,516,568,763,1190,2504,2921,2585,2926,3003,2940,2899,2271,2461,2292,3083,3775,4310,6173,7597,7234,9246,11441,13535,17763,23792,35169,39752,48552,63377
AJG,Market Cap Growth,,,,10.01%,34.28%,55.98%,110.50%,16.67%,-11.53%,13.22%,2.62%,-2.11%,-1.39%,-21.64%,8.37%,-6.90%,34.52%,22.45%,14.18%,43.23%,23.07%,-4.79%,27.81%,23.74%,18.30%,31.23%,33.95%,47.82%,13.03%,22.14%,20.44%
AJG,Enterprise Value,,-200,319,343,550,924,2152,2699,2256,2416,2445,2173,2088,1807,2248,2113,2783,3476,4010,6303,8308,7795,10156,12269,14909,20086,25083,37295,45428,55897,70933
AJG,PE Ratio,,,11.35,9.86,13,14.29,26.94,23.32,19.9,20.02,15.93,95.45,22.56,16.36,31.84,17.82,17.71,26.2,22.1,22.98,25.04,20.27,23.3,23.77,21.37,26.56,29.06,38.78,35.68,50.08,56.22
AJG,PS Ratio,,,1.05,1.08,1.26,1.67,3.13,3.29,2.44,2.4,2.09,2.06,1.97,1.4,1.5,1.33,1.65,1.77,1.71,1.94,1.64,1.34,1.63,1.83,1.95,2.47,3.4,4.28,4.65,4.82,6.07
AJG,PB Ratio,,,3.86,3.31,3.71,4.76,7.61,7.86,4.89,4.73,3.95,3.82,3.36,3.18,3.33,2.57,2.79,3.04,2.6,2.96,2.35,1.99,2.57,2.7,3.01,3.45,3.85,4.13,4.35,4.51,5.5
AJG,P/FCF Ratio,,,14.21,9.39,16.7,15.85,16.83,29.21,24.78,14.37,12.1,17.71,40.43,10.73,19.14,12.19,15.08,15.85,14.76,22.13,21.4,12.32,21.41,15.78,21.13,16.88,13.93,27.83,32.93,26.41,27.3
AJG,P/OCF Ratio,,,11.01,7.81,12.79,12.77,14.78,22.22,17.27,12.78,10.83,15.52,27.69,9,15.33,10.83,13.43,13.29,12.57,16.57,17.4,10.54,14.23,13.39,17.69,14.91,13.17,25.26,28.6,23.9,25.49
AJG,EV/Sales Ratio,,-0.45,0.65,0.65,0.91,1.3,2.69,3.04,2.13,1.98,1.7,1.52,1.42,1.11,1.37,1.22,1.49,1.63,1.59,1.98,1.8,1.45,1.79,1.96,2.15,2.79,3.58,4.54,5.31,5.55,6.83
AJG,EV/EBITDA Ratio,,-2.55,4.01,3.52,5.48,6.39,14.05,15.39,9.92,9.98,8.17,30.92,9.51,6.64,9.16,6.59,8.15,9.55,9.35,12.51,13.5,11.16,13.35,14.71,14.99,16.29,15.77,21.69,20.82,25.62,21.63
AJG,EV/EBIT Ratio,,-2.94,4.66,4,6.32,7.28,16.09,17.72,11.57,12.02,9.95,134.16,12.8,9.02,14.22,8.99,11.2,13.98,13.91,19.39,23.31,21.4,24.78,27.37,25.91,26.47,24.4,32.35,28.71,37.63,28.36
AJG,EV/FCF Ratio,,-5.21,8.77,5.67,12.04,12.32,14.46,26.99,21.63,11.86,9.85,13.09,29.12,8.54,17.48,11.24,13.62,14.6,13.73,22.6,23.4,13.28,23.52,16.92,23.27,19.09,14.69,29.51,37.63,30.41,30.4
AJG,Debt / Equity Ratio,,,,,,,,0.37,0.33,0.25,0.24,0.15,0.04,0.56,0.72,0.62,0.5,0.55,0.51,0.7,0.74,0.67,0.79,0.74,0.8,0.96,0.79,0.77,0.7,0.77,0.74
AJG,Debt / EBITDA Ratio,,,,,,,,0.79,0.77,0.63,0.61,1.61,0.16,1.47,2.17,1.71,1.61,1.88,1.99,2.89,3.89,3.51,3.74,3.76,3.63,4.01,3.06,3.83,2.94,3.81,3.4
AJG,Debt / FCF Ratio,,,,,,,,1.38,1.69,0.75,0.73,0.68,0.49,1.89,4.14,2.93,2.69,2.88,2.92,5.22,6.74,4.18,6.6,4.32,5.64,4.7,2.85,5.22,5.31,4.52,3.69
AJG,Interest Coverage,,,,,,,,14.5,20.53,25.14,25.87,1.4,19.19,12.52,5.53,8.25,7.18,6.09,6.7,6.49,4,3.54,3.73,3.61,4.16,4.22,5.23,5.1,6.16,5.01,5.2
AJG,Quick Ratio,,1,0.97,0.93,0.94,0.96,1,0.9,0.97,0.95,0.95,0.95,0.94,0.97,0.85,0.96,1.01,0.97,0.95,0.8,0.86,0.87,0.82,0.95,0.92,0.9,0.99,0.97,0.17,0.15,0.13
AJG,Current Ratio,,1.05,1.04,1.02,1,1.03,1.07,0.95,1.01,1.02,1.01,1.01,0.99,1.02,0.92,1.04,1.09,1.06,1.03,0.88,1.05,1.01,0.96,1.08,1.06,1.02,1.1,1.06,1.04,1.03,1.04
AJG,Asset Turnover,,,0.85,0.87,0.86,0.87,0.83,0.64,0.45,0.46,0.46,0.43,0.43,0.46,0.49,0.52,0.54,0.5,0.5,0.54,0.5,0.52,0.51,0.48,0.43,0.38,0.33,0.29,0.21,0.2,0.19
AJG,Return on Equity (ROE),,,35.10%,38.50%,30.90%,36.90%,32.30%,36.50%,27.30%,25.10%,26.50%,4.10%,15.60%,17.70%,10.50%,15.10%,17.40%,12.00%,12.70%,14.50%,10.20%,10.10%,11.00%,12.10%,14.10%,13.50%,14.60%,11.30%,12.50%,9.40%,10.30%
AJG,Return on Assets (ROA),,,7.90%,9.60%,8.30%,10.10%,9.70%,9.00%,5.50%,5.40%,6.10%,0.90%,3.80%,3.90%,2.30%,3.90%,5.00%,3.40%,3.90%,4.50%,3.30%,3.40%,3.50%,3.70%,3.90%,3.50%,3.80%,3.20%,2.80%,1.90%,2.00%
AJG,Return on Capital (ROIC),,33.78%,33.97%,33.58%,28.56%,33.33%,28.26%,26.39%,19.39%,19.69%,20.89%,18.60%,15.07%,14.59%,9.03%,10.51%,11.55%,8.72%,9.23%,9.46%,8.03%,9.80%,12.47%,13.11%,13.75%,10.97%,10.57%,9.52%,9.71%,8.56%,8.93%
AJG,Earnings Yield,,,8.81%,10.14%,7.70%,7.00%,3.71%,4.29%,5.03%,5.00%,6.28%,1.05%,4.43%,6.11%,3.14%,5.61%,5.65%,3.82%,4.52%,4.35%,3.99%,4.93%,4.29%,4.21%,4.68%,3.77%,3.44%,2.58%,2.80%,2.00%,1.79%
AJG,FCF Yield,,,7.04%,10.65%,5.99%,6.31%,5.94%,3.42%,4.04%,6.96%,8.27%,5.65%,2.47%,9.32%,5.22%,8.20%,6.63%,6.31%,6.77%,4.52%,4.67%,8.12%,4.67%,6.34%,4.73%,5.92%,7.18%,3.59%,3.04%,3.79%,3.66%
AJG,Dividend Yield,2.80%,2.70%,3.70%,3.60%,3.20%,2.50%,1.40%,1.50%,2.00%,2.20%,3.10%,3.60%,4.10%,5.10%,4.90%,5.70%,4.40%,3.90%,3.90%,3.00%,3.10%,3.60%,2.90%,2.50%,2.20%,1.80%,1.50%,1.10%,1.10%,1.00%,0.83%
AJG,Payout Ratio,40.70%,38.90%,44.50%,37.80%,44.90%,39.20%,41.40%,35.10%,40.30%,44.20%,48.50%,339.40%,90.90%,85.50%,154.20%,100.00%,77.10%,102.30%,84.50%,67.30%,72.70%,71.50%,68.20%,58.40%,47.30%,47.80%,42.00%,43.00%,38.50%,48.80%,46.65%
AJG,Buyback Yield / Dilution,,-0.38%,-3.02%,7.23%,-4.79%,-6.31%,-7.10%,-7.62%,-3.86%,-2.39%,-2.59%,-3.03%,-3.05%,4.28%,-1.17%,-7.16%,-4.13%,-6.49%,-10.19%,-5.75%,-22.68%,-9.49%,-0.71%,-1.61%,-1.58%,-1.56%,-3.11%,-7.78%,-1.72%,-2.40%,-2.19%
AJG,Total Shareholder Return,2.80%,2.32%,0.68%,10.83%,-1.59%,-3.81%,-5.70%,-6.12%,-1.86%,-0.19%,0.51%,0.57%,1.05%,9.38%,3.73%,-1.46%,0.27%,-2.59%,-6.29%,-2.75%,-19.58%,-5.89%,2.19%,0.89%,0.62%,0.24%,-1.61%,-6.68%,-0.62%,-1.40%,-1.36%
MET,Market Capitalization,,,,,,,26760,22961,18936,25595,30153,37107,44861,45636,27665,28944,43785,32977,35939,60447,61449,53592,59232,53204,40520,46874,42253,52564,56782,48949,59752
MET,Market Cap Growth,,,,,,,,-14.20%,-17.53%,35.17%,17.81%,23.06%,20.90%,1.73%,-39.38%,4.63%,51.27%,-24.68%,8.98%,68.19%,1.66%,-12.79%,10.53%,-10.18%,-23.84%,15.68%,-9.86%,24.40%,8.02%,-13.80%,15.30%
MET,Enterprise Value,,,,,3187,3933,26811,19471,22199,31257,34962,46525,52962,54399,24734,41452,67208,54733,46751,79079,74416,66296,67707,60931,42003,48120,41452,50713,55283,47775,87209
MET,PE Ratio,,,,,,,28.08,48.54,11.8,11.66,10.93,7.98,7.28,10.92,8.97,-12.22,17.2,5.36,29.9,18.62,9.93,10.28,79.29,13.62,8.13,8.19,8.14,7.9,11.14,35.47,23.22
MET,PS Ratio,,,,,,,0.86,0.74,0.58,0.73,0.78,0.83,1.05,0.97,0.54,0.71,0.84,0.47,0.53,0.89,0.84,0.87,0.97,0.85,0.6,0.67,0.62,0.77,0.83,0.73,0.91
MET,PB Ratio,,,,,,,1.63,1.43,1.09,1.21,1.32,1.27,1.33,1.3,1.17,0.87,0.9,0.57,0.56,0.98,0.85,0.79,0.88,0.91,0.77,0.71,0.57,0.78,1.9,1.63,2.2
MET,P/FCF Ratio,,,,,,,8.17,5.39,4.53,4.18,4.63,4.63,6.84,4.61,2.58,7.61,5.48,3.21,2.09,3.75,3.75,3.81,4.01,4.33,3.45,3.4,3.63,4.26,4.35,3.57,4.13
MET,P/OCF Ratio,,,,,,,8.17,5.39,4.53,4.18,4.63,4.63,6.84,4.61,2.58,7.61,5.48,3.21,2.09,3.75,3.75,3.81,4.01,4.33,3.45,3.4,3.63,4.26,4.35,3.57,4.13
MET,EV/Sales Ratio,,,,,0.12,0.16,0.86,0.62,0.68,0.89,0.9,1.04,1.23,1.15,0.49,1.02,1.29,0.78,0.69,1.16,1.01,1.08,1.11,0.98,0.62,0.69,0.61,0.74,0.8,0.71,1.27
MET,EV/EBITDA Ratio,,,,,1.49,3.07,15.38,16.81,8.56,9.42,8.33,7.4,6.88,8.44,4.79,-11.05,15.41,5.53,22.83,16.67,7.84,8.66,30.85,18.27,6.06,6.49,5.5,5.52,7.88,16.73,16.63
MET,EV/EBIT Ratio,,,,,1.53,3.35,19.51,28.76,10.6,11.03,9.31,7.84,7.25,9.08,5.16,-9.71,17.79,5.94,32.2,19.63,8.48,9.52,43.88,23.99,6.66,7.09,5.99,5.97,8.71,22.35,19.27
MET,EV/FCF Ratio,,,,,3.79,1.01,8.18,4.57,5.31,5.1,5.37,5.8,8.08,5.49,2.31,10.9,8.42,5.33,2.72,4.9,4.54,4.72,4.58,4.96,3.58,3.49,3.56,4.11,4.24,3.48,6.02
MET,Debt / Equity Ratio,,,,,0.44,0.49,0.21,0.25,0.32,0.44,0.39,0.46,0.45,0.53,0.9,0.68,0.75,0.56,0.41,0.43,0.33,0.37,0.31,0.35,0.33,0.27,0.25,0.27,0.63,0.65,0.69
MET,Debt / EBITDA Ratio,,,,,3.04,5.25,2,3.44,2.15,2.82,2.11,2.14,1.97,2.9,4.12,-6.03,8.34,3.26,12.96,5.53,2.51,3.32,9.62,6.13,2.5,2.41,2.52,1.98,2.66,6.82,4.29
MET,Debt / FCF Ratio,,,,,7.71,1.73,1.06,0.94,1.34,1.53,1.36,1.68,2.32,1.89,1.99,5.95,4.56,3.14,1.55,1.63,1.45,1.81,1.43,1.66,1.47,1.29,1.63,1.47,1.43,1.42,1.31
MET,Asset Turnover,,,,,,0.11,0.12,0.12,0.12,0.11,0.11,0.1,0.08,0.09,0.1,0.08,0.08,0.09,0.08,0.08,0.08,0.07,0.07,0.08,0.1,0.1,0.09,0.09,0.1,0.1,0.1
MET,Return on Equity (ROE),,,,,,4.30%,6.30%,2.80%,9.70%,10.90%,12.30%,17.10%,20.30%,12.20%,10.50%,-8.00%,6.00%,11.10%,1.90%,5.30%,8.90%,7.40%,1.00%,6.20%,9.30%,8.90%,7.10%,9.80%,14.00%,4.70%,9.70%
MET,Return on Assets (ROA),,,,,,0.30%,0.40%,0.20%,0.60%,0.70%,0.80%,1.10%,1.20%,0.80%,0.60%,-0.50%,0.40%,0.80%,0.10%,0.40%,0.70%,0.60%,0.10%,0.50%,0.70%,0.80%,0.70%,0.90%,0.80%,0.20%,0.40%
MET,Return on Capital (ROIC),,,,,6.29%,3.02%,4.52%,1.99%,5.35%,6.27%,8.29%,8.01%,6.90%,7.73%,7.53%,-7.82%,3.10%,7.13%,1.44%,3.86%,6.61%,4.67%,2.66%,7.06%,7.32%,7.03%,5.79%,8.02%,10.91%,3.22%,6.35%
MET,Earnings Yield,,,,,,,3.56%,2.06%,8.48%,8.58%,9.15%,12.53%,13.73%,9.16%,11.15%,-8.18%,5.81%,18.66%,3.34%,5.37%,10.07%,9.73%,1.26%,7.34%,12.30%,12.21%,12.29%,12.66%,8.98%,2.82%,4.53%
MET,FCF Yield,,,,,,,12.25%,18.54%,22.07%,23.94%,21.59%,21.61%,14.61%,21.70%,38.68%,13.14%,18.24%,31.15%,47.75%,26.69%,26.65%,26.22%,24.94%,23.09%,28.97%,29.41%,27.55%,23.49%,22.97%,28.03%,24.23%
MET,Dividend Yield,,,,,,,0.60%,0.60%,0.80%,0.70%,1.10%,1.10%,1.00%,1.20%,2.10%,2.10%,1.70%,2.40%,2.20%,1.90%,2.40%,3.10%,2.90%,3.20%,4.00%,3.40%,3.90%,3.00%,2.70%,3.10%,2.56%
MET,Payout Ratio,,,,,,,13.20%,31.20%,9.20%,7.70%,12.50%,8.40%,7.30%,13.20%,17.70%,-25.60%,25.70%,12.70%,66.10%,34.40%,24.20%,31.60%,231.60%,43.80%,33.50%,28.50%,31.80%,24.60%,31.20%,113.20%,59.33%
MET,Buyback Yield / Dilution,,,,,,,-2.56%,5.20%,3.38%,-8.55%,2.08%,-1.74%,-0.39%,2.58%,-7.16%,-3.18%,-20.33%,-7.35%,-3.16%,-2.75%,-1.34%,2.15%,1.12%,4.26%,6.22%,6.81%,2.14%,6.53%,6.72%,5.66%,6.37%
MET,Total Shareholder Return,,,,,,,-1.96%,5.80%,4.18%,-7.85%,3.18%,-0.64%,0.61%,3.78%,-5.06%,-1.08%,-18.63%,-4.95%,-0.96%,-0.85%,1.06%,5.25%,4.02%,7.46%,10.22%,10.21%,6.04%,9.53%,9.42%,8.76%,8.92%
PRU,Market Capitalization,,,,,,,,18042,18032,22577,28085,36961,40955,42054,12770,22989,27300,23556,24638,42513,41250,36553,44746,48752,33680,37683,30916,40915,36601,37439,45571
PRU,Market Cap Growth,,,,,,,,,-0.05%,25.20%,24.40%,31.61%,10.81%,2.68%,-69.64%,80.03%,18.75%,-13.71%,4.59%,72.55%,-2.97%,-11.39%,22.41%,8.95%,-30.91%,11.89%,-17.96%,32.34%,-10.54%,2.29%,30.65%
PRU,Enterprise Value,,,,,,41510,25926,26081,33948,36229,41069,61286,67806,72193,36467,40017,45905,43005,41146,68496,65467,56230,59549,62732,49061,52890,49057,57830,46996,44950,73860
PRU,PE Ratio,,,,,,,,-117.16,92.95,17.86,12.45,10.44,11.95,11.48,-11.43,7.36,9.1,6.49,47.38,-63.74,29.87,6.48,10.24,6.2,8.27,9,-82.66,4.61,-22.22,15.05,16.35
PRU,PS Ratio,,,,,,,,0.68,0.69,0.82,1,1.18,1.27,1.22,0.44,0.71,0.71,0.48,0.29,1.02,0.76,0.64,0.76,0.82,0.54,0.58,0.54,0.57,0.64,0.69,0.74
PRU,PB Ratio,,,,,,,,0.88,0.85,1.06,1.26,1.62,1.79,1.79,0.95,0.91,0.84,0.69,0.64,1.21,0.99,0.87,0.98,0.9,0.69,0.6,0.46,0.66,1.2,1.35,1.63
PRU,P/FCF Ratio,,,,,,,,175.17,7.16,16.06,6.14,9.17,9.36,7.02,1.18,3.94,4.17,1.9,1.18,5.03,2.13,2.62,3.01,3.62,1.55,1.92,3.69,4.17,7.1,5.75,5.07
PRU,P/OCF Ratio,,,,,,,,175.17,7.16,16.06,6.14,9.17,9.36,7.02,1.18,3.94,4.17,1.9,1.18,5.03,2.13,2.62,3.01,3.62,1.55,1.92,3.69,4.17,7.1,5.75,5.07
PRU,EV/Sales Ratio,,,,,,1.56,0.98,0.98,1.29,1.31,1.46,1.96,2.1,2.1,1.26,1.24,1.2,0.88,0.48,1.65,1.21,0.98,1.01,1.05,0.78,0.82,0.86,0.81,0.83,0.83,1.19
PRU,EV/EBITDA Ratio,,,,,,16.32,16.88,105.59,57.93,13.71,11.01,12.65,13.5,13.83,-39.77,12.36,11.09,7.91,39.76,-52.13,27.73,7.18,9.89,9.44,9.7,9.46,24528.36,5.22,-25.98,14.83,18.74
PRU,EV/EBIT Ratio,,,,,,22.38,32.57,-140.22,5658.07,18.81,12.86,14.11,14.51,14.79,-22.32,13.07,10.82,8.36,56.13,-39.71,37.84,7.29,10.44,9.76,10.02,10.3,-107.82,5.32,-24.4,14.5,20.43
PRU,EV/FCF Ratio,,,,,,73.86,3.3,253.21,13.48,25.77,8.97,15.2,15.5,12.05,3.36,6.85,7.02,3.47,1.97,8.11,3.38,4.03,4,4.66,2.26,2.7,5.86,5.89,9.11,6.9,8.19
PRU,Debt / Equity Ratio,,,,,,2.48,1.63,1.3,1.21,1.01,0.94,1.41,1.55,1.76,2.88,1.2,0.97,0.98,0.9,1.06,0.94,0.89,0.63,0.52,0.63,0.5,0.47,0.48,0.9,0.97,1
PRU,Debt / EBITDA Ratio,,,,,,18.84,21.88,107.59,44.05,8.18,5.64,6.63,7.06,7.89,-42.23,9.33,7.61,6.2,33.44,-28.48,16.58,4.76,4.8,4.28,6.08,5.64,15921,2.69,-15.28,8.88,7.44
PRU,Debt / FCF Ratio,,,,,,85.3,4.27,258.01,10.25,15.36,4.6,7.97,8.1,6.88,3.57,5.17,4.82,2.72,1.66,4.43,2.02,2.67,1.94,2.12,1.42,1.61,3.81,3.04,5.36,4.14,3.11
PRU,Asset Turnover,,,,,,,0.09,0.09,0.09,0.09,0.08,0.08,0.07,0.07,0.06,0.07,0.07,0.08,0.13,0.06,0.07,0.08,0.07,0.07,0.08,0.07,0.06,0.08,0.08,0.08,0.09
PRU,Return on Equity (ROE),,,,,,,2.00%,-0.80%,0.90%,5.80%,10.40%,15.30%,15.20%,15.80%,-5.80%,15.50%,9.80%,10.40%,1.40%,-1.80%,3.40%,13.20%,8.50%,15.70%,8.30%,6.80%,-0.60%,14.50%,-5.50%,8.80%,10.50%
PRU,Return on Assets (ROA),,,,,,,0.10%,-0.10%,0.10%,0.40%,0.60%,0.90%,0.80%,0.80%,-0.20%,0.70%,0.60%,0.60%,0.10%,-0.10%,0.20%,0.70%,0.60%,1.00%,0.50%,0.50%,0.00%,1.00%,-0.20%,0.40%,0.40%
PRU,Return on Capital (ROIC),,,,,,1.47%,0.67%,-0.26%,5.62%,3.03%,5.35%,6.35%,5.53%,5.43%,-2.35%,2.81%,4.58%,5.15%,0.69%,-2.32%,1.74%,7.18%,5.84%,9.60%,5.07%,4.38%,-0.33%,9.65%,-3.25%,4.50%,4.94%
PRU,Earnings Yield,,,,,,,,-0.85%,1.08%,5.60%,8.03%,9.58%,8.37%,8.71%,-8.75%,13.59%,10.99%,15.42%,2.11%,-1.57%,3.35%,15.44%,9.76%,16.13%,12.10%,11.11%,-1.21%,21.67%,-4.50%,6.65%,6.16%
PRU,FCF Yield,,,,,,,,0.57%,13.96%,6.23%,16.30%,10.91%,10.68%,14.25%,85.01%,25.40%,23.96%,52.54%,84.86%,19.86%,47.02%,38.14%,33.25%,27.61%,64.32%,52.08%,27.07%,23.98%,14.09%,17.39%,19.72%
PRU,Dividend Yield,,,,,,,,0.00%,1.30%,1.20%,1.10%,1.10%,1.10%,1.20%,1.90%,1.40%,2.00%,2.90%,3.00%,1.90%,2.40%,3.00%,2.70%,2.60%,4.40%,4.30%,5.60%,4.20%,4.80%,4.80%,4.08%
PRU,Payout Ratio,,,,,,,,0.00%,32.00%,25.10%,18.50%,12.10%,14.30%,15.10%,-22.90%,9.10%,21.40%,20.10%,150.90%,-111.60%,66.80%,19.70%,28.40%,16.50%,37.30%,39.10%,-440.00%,20.40%,-106.90%,74.00%,66.73%
PRU,Buyback Yield / Dilution,,,,,,,,,-4.51%,4.86%,5.46%,1.17%,5.54%,5.24%,6.64%,-9.48%,-0.65%,-1.08%,1.70%,0.22%,1.08%,1.54%,4.23%,1.40%,2.59%,2.66%,1.49%,4.55%,2.65%,1.90%,1.83%
PRU,Total Shareholder Return,,,,,,,,,-3.21%,6.06%,6.56%,2.27%,6.64%,6.44%,8.54%,-8.08%,1.35%,1.82%,4.70%,2.12%,3.48%,4.54%,6.93%,4.00%,6.99%,6.96%,7.09%,8.75%,7.45%,6.70%,5.91%
TRV,Market Capitalization,,,4896,6864,8206,7656,11823,9120,7712,9046,24817,30932,37047,34698,26420,27242,25573,24424,27396,32963,35078,34334,34774,37124,31720,35349,35557,38483,43938,43508,60262
TRV,Market Cap Growth,,,,40.19%,19.56%,-6.70%,54.42%,-22.86%,-15.44%,17.31%,174.33%,24.64%,19.77%,-6.34%,-23.86%,3.11%,-6.13%,-4.50%,12.17%,20.32%,6.42%,-2.12%,1.28%,6.76%,-14.56%,11.44%,0.59%,8.23%,14.17%,-0.98%,42.73%
TRV,Enterprise Value,,672,5548,8054,9320,8964,13418,11099,10110,12080,30868,36445,42348,40669,32251,33514,31984,30815,33416,39015,41053,40298,40904,43351,37911,41413,41386,45012,50431,50889,67380
TRV,PE Ratio,,,6.68,7.39,92.2,9.18,11.91,-8.38,-285.62,5.33,25.99,19.07,8.8,7.54,9.04,7.52,7.95,17.13,11.08,8.97,9.5,9.98,11.54,18.06,12.57,13.48,13.18,10.51,15.46,14.55,13.62
TRV,PS Ratio,,,0.53,0.83,1.07,1.07,1.49,1.01,0.54,0.6,1.1,1.27,1.48,1.33,1.08,1.1,1.02,0.96,1.06,1.26,1.29,1.28,1.26,1.28,1.05,1.12,1.11,1.11,1.19,1.05,1.33
TRV,PB Ratio,,,1.22,1.04,1.24,1.18,1.64,1.78,1.34,0.76,1.17,1.39,1.47,1.3,1.04,0.99,1,1,1.08,1.33,1.41,1.46,1.5,1.56,1.39,1.36,1.22,1.33,2.04,1.75,2.17
TRV,P/FCF Ratio,,,4.03,9.71,-341.91,-57.57,-18.44,9.85,2.64,2.36,4.74,8.56,7.76,6.56,8.42,6.44,8.37,11.26,8.48,8.64,9.5,10,7.78,8.95,7.24,6.79,5.45,5.29,6.8,5.64,6.6
TRV,P/OCF Ratio,,,3.77,8.1,118.93,-153.12,-21,9.24,2.64,2.36,4.74,8.56,7.76,6.56,8.42,6.44,8.37,11.26,8.48,8.64,9.5,10,7.78,8.95,7.24,6.79,5.45,5.29,6.8,5.64,6.6
TRV,EV/Sales Ratio,,0.13,0.6,0.97,1.21,1.25,1.69,1.23,0.71,0.8,1.37,1.5,1.69,1.56,1.32,1.36,1.27,1.21,1.3,1.49,1.51,1.5,1.48,1.5,1.25,1.31,1.29,1.29,1.37,1.23,1.49
TRV,EV/EBITDA Ratio,,0.94,6.28,6.2,931.99,7.66,9.42,-7.35,-29.13,5.03,24.5,14.47,7,6.2,7.89,6.58,6.81,17.73,9.43,7.35,7.52,7.88,9.26,13.99,11.44,11.89,11.57,9.38,13.61,13.58,10.03
TRV,EV/EBIT Ratio,,1.03,6.28,6.2,931.99,8.51,9.42,-7.35,-29.13,5.03,24.5,14.47,7,6.2,7.89,6.58,6.81,17.73,9.43,7.35,7.52,7.88,9.26,13.99,11.44,11.89,11.57,9.38,13.61,13.58,11.24
TRV,EV/FCF Ratio,,0.78,4.56,11.39,-388.33,-67.4,-20.93,11.99,3.46,3.15,5.89,10.09,8.87,7.69,10.28,7.92,10.47,14.21,10.35,10.22,11.12,11.74,9.15,10.45,8.66,7.96,6.35,6.19,7.8,6.6,7.39
TRV,Debt / Equity Ratio,,0.19,0.17,0.2,0.19,0.23,0.23,0.42,0.47,0.28,0.3,0.26,0.23,0.23,0.24,0.24,0.26,0.27,0.25,0.26,0.26,0.27,0.28,0.28,0.29,0.25,0.22,0.25,0.34,0.32,0.29
TRV,Debt / EBITDA Ratio,,0.98,0.78,1,126,1.25,1.16,-1.41,-7.82,1.41,5.01,2.32,0.95,0.95,1.51,1.28,1.41,3.8,1.79,1.2,1.16,1.24,1.46,2.12,1.98,1.88,1.83,1.52,1.97,2.14,1.34
TRV,Debt / FCF Ratio,,0.81,0.57,1.84,-52.5,-11.02,-2.57,2.3,0.93,0.88,1.2,1.62,1.21,1.18,1.97,1.54,2.16,3.05,1.97,1.66,1.72,1.85,1.44,1.58,1.5,1.26,1,1,1.13,1.04,0.88
TRV,Interest Coverage,,,,,,,,,-2.21,14.37,5.34,8.8,18.67,18.97,11.04,13.33,12.1,4.5,9.38,14.7,14.79,13.71,12.17,8.4,9.41,10.12,10.55,14.11,10.56,9.97,15.3
TRV,Asset Turnover,,,0.47,0.33,0.23,0.18,0.2,0.25,0.36,0.33,0.23,0.22,0.22,0.23,0.22,0.22,0.23,0.24,0.25,0.25,0.26,0.26,0.27,0.28,0.29,0.29,0.28,0.29,0.32,0.34,0.35
TRV,Return on Equity (ROE),,,18.90%,19.40%,1.40%,13.00%,14.40%,-17.30%,-0.50%,22.30%,5.10%,7.40%,17.60%,17.80%,11.40%,13.30%,12.20%,5.70%,9.80%,14.70%,14.60%,14.20%,12.50%,8.70%,11.10%,10.40%,9.90%,12.80%,12.60%,13.30%,17.70%
TRV,Return on Assets (ROA),,,3.70%,3.70%,0.30%,2.10%,2.50%,-3.00%,-0.10%,3.70%,1.00%,1.40%,3.70%,4.00%,2.60%,3.30%,3.00%,1.30%,2.40%,3.60%,3.50%,3.40%,3.00%,2.00%,2.40%,2.40%,2.40%,3.10%,2.40%,2.50%,3.50%
TRV,Return on Capital (ROIC),,12.07%,17.52%,12.94%,13.53%,9.49%,11.01%,-19.75%,-1.22%,11.84%,4.01%,7.63%,14.39%,14.78%,10.21%,11.54%,10.93%,5.90%,8.72%,12.66%,12.70%,12.39%,11.07%,7.70%,9.58%,8.95%,8.33%,10.89%,10.88%,10.09%,13.60%
TRV,Earnings Yield,,,14.97%,13.54%,1.08%,10.89%,8.40%,-11.93%,-0.35%,18.75%,3.85%,5.24%,11.36%,13.26%,11.07%,13.30%,12.58%,5.84%,9.03%,11.14%,10.53%,10.02%,8.67%,5.54%,7.95%,7.42%,7.59%,9.52%,6.47%,6.87%,7.52%
TRV,FCF Yield,,,24.84%,10.30%,-0.29%,-1.74%,-5.42%,10.15%,37.94%,42.38%,21.12%,11.68%,12.89%,15.23%,11.88%,15.53%,11.94%,8.88%,11.79%,11.58%,10.53%,10.00%,12.85%,11.17%,13.81%,14.72%,18.33%,18.90%,14.71%,17.72%,15.16%
TRV,Dividend Yield,3.40%,2.90%,3.00%,2.30%,4.30%,3.10%,2.00%,2.50%,3.40%,2.90%,3.70%,2.00%,1.90%,2.10%,2.60%,2.50%,2.50%,2.70%,2.50%,2.20%,2.00%,2.10%,2.10%,2.10%,2.50%,2.40%,2.40%,2.20%,2.00%,2.10%,1.58%
TRV,Payout Ratio,29.30%,26.40%,29.20%,23.70%,454.50%,28.80%,24.00%,-21.50%,-1657.10%,29.70%,87.80%,38.10%,16.50%,16.10%,24.40%,19.30%,21.10%,46.80%,28.20%,19.90%,19.90%,21.70%,25.20%,38.30%,32.30%,32.30%,31.90%,23.90%,30.80%,30.40%,21.55%
TRV,Buyback Yield / Dilution,,,,-0.15%,-40.92%,3.60%,4.21%,4.72%,-98.40%,-9.94%,-38.61%,-13.45%,-0.55%,6.71%,9.62%,5.91%,15.14%,12.85%,7.30%,3.98%,8.50%,8.35%,7.30%,4.26%,3.16%,2.78%,2.94%,1.49%,4.43%,3.13%,0.90%
TRV,Total Shareholder Return,3.40%,2.90%,3.00%,2.15%,-36.62%,6.70%,6.21%,7.22%,-95.00%,-7.04%,-34.91%,-11.45%,1.35%,8.81%,12.22%,8.41%,17.64%,15.55%,9.80%,6.18%,10.50%,10.45%,9.40%,6.36%,5.66%,5.18%,5.34%,3.69%,6.43%,5.23%,2.48%
AIG,Market Capitalization,,,50823,76322,101458,167365,228221,207431,150907,172855,171042,177098,186296,147863,4223,4036,7787,44062,52114,75163,78409,76658,67082,53560,34864,44655,32617,47211,46986,47563,50582
AIG,Market Cap Growth,,,,50.17%,32.93%,64.96%,36.36%,-9.11%,-27.25%,14.54%,-1.05%,3.54%,5.19%,-20.63%,-97.14%,-4.44%,92.96%,465.84%,18.27%,44.23%,4.32%,-2.23%,-12.49%,-20.16%,-34.91%,28.08%,-26.96%,44.74%,-0.48%,1.23%,18.31%
AIG,Enterprise Value,,19797,77324,104202,137538,206333,293330,284282,230789,268493,288024,294706,357138,334668,196739,145643,112690,117841,99463,114615,107868,104278,96126,82838,66531,77149,67324,75176,72122,56629,59584
AIG,PE Ratio,,,17.54,20.57,23.69,27.06,34.38,38.68,26.34,21.32,17.38,16.9,13.26,23.85,-0.04,-0.33,3.81,2.22,15.16,8.27,10.41,34.91,-79.01,-8.8,-5810.67,13.43,-5.46,4.57,4.61,13.16,
AIG,PS Ratio,,,2.01,2.64,3.18,3.88,4.05,3.36,2.28,2.18,1.75,1.63,1.64,1.43,-0.62,0.05,0.11,0.68,0.73,1.09,1.22,1.31,1.28,1.08,0.74,0.9,0.75,0.91,0.86,1.02,1.19
AIG,PB Ratio,,,2.31,3.18,3.37,5.03,4.81,3.98,2.55,2.5,2.15,2.05,1.83,1.54,0.08,0.06,0.09,0.43,0.53,0.75,0.73,0.86,0.88,0.82,0.62,0.68,0.49,0.72,1.15,1.05,1.16
AIG,P/FCF Ratio,,,6.61,34.24,20.43,15.25,35.87,45.03,11.48,5.96,6.81,10.51,-1186.6,4.63,-3.69,0.22,0.47,-543.98,14.18,12.82,15.66,26.65,19.16,-6.85,-88.49,-24.71,31.42,7.59,11.37,7.62,7.75
AIG,P/OCF Ratio,,,5.31,22.23,13.64,13.24,25.13,23.57,8.29,5.2,5.81,7.56,29.8,4.51,-34.62,0.22,0.47,-543.98,14.18,12.82,15.66,26.65,19.16,-6.85,-88.49,-24.71,31.42,7.59,11.37,7.62,7.75
AIG,EV/Sales Ratio,,0.85,3.06,3.61,4.31,4.78,5.21,4.6,3.49,3.38,2.95,2.71,3.15,3.23,-28.76,1.93,1.55,1.81,1.4,1.66,1.67,1.79,1.84,1.67,1.4,1.55,1.54,1.44,1.32,1.21,1.3
AIG,EV/EBITDA Ratio,,4.71,16.05,17.02,19.6,20.33,27.03,31.11,24.73,19.85,17.69,17.4,12.84,12.19,-2.45,10.41,3.79,11.04,8.09,7.03,6.49,11.38,20.51,12.78,9.76,7.05,-36.85,4.03,3.84,6.31,6.62
AIG,EV/EBIT Ratio,,5.71,19.27,19.9,22.67,22.88,30.52,36.91,30.18,23.02,20.22,20,14.73,27.39,-2.11,75.86,4.74,35.69,20.1,9.89,8.86,22.99,161.29,31.74,45.66,13.01,-11.32,5.33,5.02,11.9,11.77
AIG,EV/FCF Ratio,,4.33,10.06,46.75,27.7,18.8,46.11,61.72,17.56,9.26,11.46,17.49,-2274.76,10.48,-171.82,7.84,6.79,-1454.83,27.06,19.54,21.54,36.25,27.45,-10.6,-168.86,-42.69,64.86,12.08,17.45,9.07,9.05
AIG,Debt / Equity Ratio,,1,1.2,1.17,1.21,1.17,1.38,1.49,1.37,1.39,1.49,1.38,1.7,1.97,3.82,2.09,1.25,0.74,0.49,0.41,0.29,0.33,0.41,0.49,0.61,0.54,0.57,0.46,0.66,0.23,0.22
AIG,Debt / EBITDA Ratio,,4.73,5.51,4.57,5.18,3.85,6.05,8.49,8.68,7.14,7.31,7.06,6.2,6.89,-2.5,10.43,3.58,7.05,3.94,2.56,1.88,3.19,6.6,4.88,5.07,3.23,-20.54,1.62,1.45,1.18,2.2
AIG,Debt / FCF Ratio,,4.35,3.46,12.55,7.33,3.56,10.32,16.84,6.17,3.33,4.74,7.09,-1098.29,5.92,-175.68,7.86,6.41,-929.05,13.19,7.11,6.23,10.17,8.83,-4.05,-87.66,-19.56,36.16,4.85,6.57,1.7,1.51
AIG,Interest Coverage,,,,,,,,,,,,,6.63,2.57,-5.94,0.13,3.53,1.35,2.13,5.41,7.09,3.54,0.47,2.23,1.11,4.19,-4.08,10.81,12.78,4.19,0.89
AIG,Asset Turnover,,,0.18,0.18,0.17,0.17,0.18,0.15,0.12,0.13,0.13,0.13,0.12,0.1,-0.01,0.09,0.09,0.11,0.13,0.13,0.12,0.12,0.1,0.1,0.1,0.1,0.08,0.09,0.1,0.09,0.09
AIG,Return on Equity (ROE),,,13.80%,15.90%,16.10%,19.30%,17.40%,11.50%,10.20%,12.10%,12.90%,12.10%,15.00%,6.10%,-141.60%,-19.90%,2.60%,21.70%,3.40%,9.20%,7.00%,2.20%,-1.00%,-8.50%,0.00%,5.20%,-9.40%,15.90%,22.50%,8.40%,-1.60%
AIG,Return on Assets (ROA),,,2.10%,2.40%,2.20%,2.40%,2.10%,1.30%,1.10%,1.30%,1.30%,1.20%,1.50%,0.60%,-10.00%,-1.50%,0.30%,3.40%,0.60%,1.70%,1.40%,0.40%,-0.20%,-1.20%,0.00%,0.60%,-1.10%,1.70%,1.90%,0.70%,-0.20%
AIG,Return on Capital (ROIC),,5.70%,5.24%,6.16%,5.63%,7.29%,6.12%,4.37%,4.17%,4.99%,5.16%,5.26%,6.31%,3.76%,-34.39%,0.02%,8.33%,60.51%,4.68%,8.23%,7.56%,3.02%,1.18%,-11.46%,-0.07%,5.00%,-5.61%,12.67%,17.81%,8.91%,10.65%
AIG,Earnings Yield,,,5.70%,4.86%,4.22%,3.70%,2.91%,2.59%,3.80%,4.69%,5.75%,5.92%,7.54%,4.19%,-2360.51%,-303.41%,26.27%,44.96%,6.60%,12.09%,9.60%,2.86%,-1.27%,-11.36%,-0.02%,7.45%,-18.31%,21.90%,21.70%,7.60%,-1.33%
AIG,FCF Yield,,,15.12%,2.92%,4.89%,6.56%,2.79%,2.22%,8.71%,16.77%,14.69%,9.52%,-0.08%,21.60%,-27.11%,460.51%,213.14%,-0.18%,7.05%,7.80%,6.39%,3.75%,5.22%,-14.60%,-1.13%,-4.05%,3.18%,13.18%,8.80%,13.13%,12.91%
AIG,Dividend Yield,0.40%,0.30%,0.40%,0.30%,0.20%,0.20%,0.10%,0.20%,0.30%,1.00%,0.40%,0.80%,0.90%,1.30%,39.50%,0.00%,0.00%,35.70%,0.00%,0.40%,0.90%,1.30%,2.00%,2.10%,3.20%,2.50%,3.40%,2.30%,2.00%,2.10%,2.04%
AIG,Payout Ratio,6.30%,6.10%,7.40%,6.20%,6.00%,5.30%,5.50%,7.70%,8.10%,20.90%,7.40%,13.60%,11.70%,30.40%,-1.60%,0.00%,0.00%,75.20%,0.00%,3.20%,9.50%,47.90%,-164.10%,-19.60%,-12800.00%,33.80%,-18.60%,10.60%,9.80%,27.90%,-115.60%
AIG,Buyback Yield / Dilution,,0.18%,0.59%,-15.94%,-0.78%,-13.69%,0.45%,-0.45%,0.26%,0.23%,0.15%,0.38%,0.15%,0.95%,-1.40%,-2.74%,-0.98%,-1216.84%,6.24%,12.21%,2.27%,7.81%,18.24%,14.71%,2.19%,2.27%,2.27%,0.51%,8.90%,7.96%,8.09%
AIG,Total Shareholder Return,0.40%,0.48%,0.99%,-15.64%,-0.58%,-13.49%,0.55%,-0.25%,0.56%,1.23%,0.55%,1.18%,1.05%,2.25%,38.10%,-2.74%,-0.98%,-1181.14%,6.24%,12.61%,3.17%,9.11%,20.24%,16.81%,5.39%,4.77%,5.67%,2.81%,10.90%,10.06%,10.13%
FNF,Market Capitalization,,,,,,,,,,,,4225,4163,3151,3760,3101,3105,3491,5307,8103,9574,9622,9235,10719,8653,12475,11480,14847,10238,13886,16998
FNF,Market Cap Growth,,,,,,,,,,,,,-1.48%,-24.30%,19.31%,-17.51%,0.13%,12.44%,51.99%,52.70%,18.15%,0.50%,-4.01%,16.06%,-19.27%,44.17%,-7.98%,29.33%,-31.05%,35.63%,37.81%
FNF,Enterprise Value,,,,,,,,,,-342,1039,6929,3978,3749,4795,3761,3476,3742,5519,7457,11677,11635,9173,10368,8232,12379,11837,13997,11608,15400,17891
FNF,PE Ratio,,,,,,,,,,,,4.38,9.51,24.28,-21,13.95,8.39,9.46,8.74,20.16,16.42,18.26,14.21,13.9,13.78,11.75,8.05,5.31,7.91,26.86,18.49
FNF,PS Ratio,,,,,,,,,,,,0.44,0.44,0.58,0.88,0.56,0.57,0.73,0.74,0.95,1.19,1.44,1.27,1.4,1.14,1.47,1.07,0.95,0.89,1.18,1.33
FNF,PB Ratio,,,,,,,,,,,,1.29,1.2,0.97,1.34,0.93,0.91,0.96,1.24,1.6,1.6,1.67,1.54,2.41,1.87,2.32,1.38,1.58,1.67,2.01,2.36
FNF,P/FCF Ratio,,,,,,,,,,,,4.13,10.46,13.59,-40.43,9.62,23.07,47.18,9.81,23.9,24.93,12.56,10.52,18.11,9.82,12.12,7.82,3.75,2.43,2.19,2.78
FNF,P/OCF Ratio,,,,,,,,,,,,3.21,5.79,9.35,817.3,8.15,16.47,31.74,8.56,16.74,16.12,10.12,7.95,14.54,9.18,11.13,7.27,3.63,2.35,2.14,2.72
FNF,EV/Sales Ratio,,,,,,,,,,-0.04,0.13,0.72,0.42,0.69,1.13,0.68,0.64,0.78,0.77,0.87,1.46,1.75,1.26,1.35,1.08,1.46,1.1,0.89,1,1.31,1.41
FNF,EV/EBITDA Ratio,,,,,,,,,,-0.2,0.66,3.27,2.73,10.33,-49.18,7.78,4.99,5.91,5.22,8.2,7.8,9.06,6.15,7.18,8.46,7.76,5.54,3.37,4.96,10.43,8.56
FNF,EV/EBIT Ratio,,,,,,,,,,-0.24,0.85,4.05,3.98,16.09,-19.95,10.57,5.74,6.72,5.96,10.65,11.43,13.31,8.65,9.84,10.41,8.74,6.44,3.76,6.28,17.44,12.06
FNF,EV/FCF Ratio,,,,,,,,,,-0.32,1.1,6.78,10,16.17,-51.56,11.67,25.83,50.56,10.2,22,30.41,15.19,10.45,17.51,9.34,12.03,8.06,3.54,2.75,2.43,2.91
FNF,Debt / Equity Ratio,,,,,,,,,,0.02,0.29,0.98,0.14,0.36,0.48,0.26,0.28,0.25,0.31,0.26,0.47,0.49,0.16,0.17,0.18,0.24,0.37,0.37,0.6,0.62,0.63
FNF,Debt / EBITDA Ratio,,,,,,,,,,0.03,0.88,1.52,0.34,3.22,-13.85,1.78,1.37,1.45,1.27,1.46,1.87,2.18,0.66,0.53,0.86,0.8,1.44,0.84,1.56,2.9,2.25
FNF,Debt / FCF Ratio,,,,,,,,,,0.05,1.45,3.15,1.23,5.04,-14.52,2.67,7.07,12.38,2.48,3.9,7.3,3.65,1.12,1.28,0.95,1.24,2.1,0.89,0.87,0.67,0.74
FNF,Interest Coverage,,,,,,,,,90.53,33.52,25.97,9.92,4.76,4.4,-4.1,9.69,13.12,9.77,12.51,7.53,8.05,11.97,16.58,21.96,18.4,30.15,20.43,32.67,16.07,5.07,7.37
FNF,Asset Turnover,,,,,,,,,,,1.18,0.95,1.48,0.75,0.56,0.68,0.69,0.61,0.79,0.85,0.55,0.48,0.51,0.64,0.82,0.83,0.27,0.28,0.19,0.16,0.16
FNF,Return on Equity (ROE),,,,,,,,,,,20.70%,24.20%,15.70%,3.80%,-6.00%,7.20%,10.90%,10.50%,15.20%,8.80%,9.80%,9.00%,11.10%,14.20%,13.70%,21.00%,21.20%,31.30%,19.50%,8.10%,13.30%
FNF,Return on Assets (ROA),,,,,,,,,,,10.50%,9.50%,6.90%,1.80%,-2.40%,2.70%,4.70%,4.70%,6.70%,4.00%,4.00%,3.80%,4.50%,6.40%,6.80%,10.40%,3.60%,5.00%,2.10%,0.70%,1.10%
FNF,Return on Capital (ROIC),,,,,,,,,,42.66%,15.98%,21.82%,22.93%,14.57%,9.85%,5.85%,8.98%,7.50%,15.98%,17.54%,3.84%,6.49%,9.51%,13.43%,12.18%,16.48%,13.38%,22.01%,14.10%,5.65%,9.22%
FNF,Earnings Yield,,,,,,,,,,,,22.82%,10.52%,4.12%,-4.76%,7.17%,11.92%,10.57%,11.44%,4.96%,6.09%,5.48%,7.04%,7.19%,7.26%,8.51%,12.43%,18.84%,12.64%,3.72%,5.32%
FNF,FCF Yield,,,,,,,,,,,,24.20%,9.56%,7.36%,-2.47%,10.40%,4.33%,2.12%,10.19%,4.18%,4.01%,7.96%,9.51%,5.52%,10.18%,8.25%,12.79%,26.67%,41.19%,45.70%,35.91%
FNF,Dividend Yield,,,,,,,,,,,,1.00%,4.90%,8.20%,5.90%,4.50%,5.00%,3.00%,2.50%,2.00%,2.10%,2.30%,2.60%,2.60%,3.80%,2.80%,3.50%,3.00%,4.70%,3.60%,3.09%
FNF,Payout Ratio,,,,,,,,,,0.00%,0.00%,4.50%,48.70%,200.00%,-123.50%,60.60%,42.10%,28.60%,21.10%,37.70%,94.80%,41.00%,36.70%,41.80%,52.20%,32.40%,26.90%,15.90%,37.60%,95.80%,57.12%
FNF,Buyback Yield / Dilution,,,,,,,,,,,-14.90%,1.38%,-5.35%,-20.31%,4.55%,-8.81%,-0.35%,2.75%,-1.35%,-3.98%,19.57%,-94.71%,4.89%,1.43%,19.42%,0.36%,-3.25%,-0.35%,3.48%,2.17%,0.18%
FNF,Total Shareholder Return,,,,,,,,,,,-14.90%,2.38%,-0.45%,-12.11%,10.45%,-4.31%,4.65%,5.75%,1.15%,-1.98%,21.67%,-92.41%,7.49%,4.03%,23.22%,3.16%,0.25%,2.65%,8.18%,5.77%,3.27%
MKL,Market Capitalization,,,491,858,998,868,1326,1549,2020,2496,3584,3107,4639,4890,2933,3338,3674,3988,4171,8107,9532,12323,12655,15825,14413,15790,14237,16867,17721,18769,20592
MKL,Market Cap Growth,,,,74.60%,16.37%,-13.09%,52.78%,16.83%,30.45%,23.54%,43.60%,-13.33%,49.32%,5.41%,-40.01%,13.77%,10.08%,8.55%,4.59%,94.34%,17.58%,29.28%,2.70%,25.04%,-8.92%,9.55%,-9.84%,18.47%,5.06%,5.92%,10.98%
MKL,Enterprise Value,,88,595,1100,1240,1057,1799,1783,2217,2886,4061,3622,4942,5093,2988,3451,3945,4507,4691,7598,9303,11492,13145,16423,15026,15824,12504,16347,16603,18217,22692
MKL,PE Ratio,,,10.53,17.01,17.43,21.37,-48.05,-12.32,26.82,20.22,21.67,21,11.82,12.05,-49.92,16.55,13.77,28.08,16.46,28.85,29.68,21.15,27.77,40.03,-112.44,8.82,17.85,7.07,-70.24,9.58,10.36
MKL,PS Ratio,,,1.34,2.05,2.34,1.66,1.21,1.11,1.14,1.19,1.59,1.41,1.84,1.92,1.48,1.61,1.65,1.52,1.39,1.88,1.86,2.3,2.26,2.61,2.11,1.66,1.46,1.31,1.52,1.19,1.3
MKL,PB Ratio,,,1.83,2.4,2.35,2.26,1.76,1.43,1.74,1.81,2.16,1.82,2.02,1.85,1.35,1.2,1.16,1.18,1.07,1.22,1.25,1.57,1.5,1.67,1.59,1.43,1.11,1.15,1.35,1.25,1.35
MKL,P/FCF Ratio,,,5.44,12.16,26.82,-250.2,19.05,9.93,4.1,4,5.24,6.05,9.27,10.14,7.73,12.81,20.28,15.88,12.02,11.62,15.02,21.57,26.87,20.19,18.33,13.72,8.7,7.92,7.22,7.42,7.7
MKL,P/OCF Ratio,,,5.21,12.5,24.99,1555.02,14.86,9.42,3.98,3.95,5.19,5.72,9.1,9.85,7.39,11.82,16.45,12.81,10.63,10.87,13.3,18.92,23.67,18.43,16.14,12.39,8.19,7.42,6.54,6.73,6.91
MKL,EV/Sales Ratio,,0.26,1.62,2.62,2.91,2.02,1.64,1.28,1.25,1.38,1.8,1.65,1.96,2,1.51,1.67,1.77,1.71,1.56,1.76,1.81,2.14,2.34,2.71,2.2,1.66,1.28,1.27,1.42,1.15,1.4
MKL,EV/EBITDA Ratio,,1.31,10.63,11.73,12.03,11.55,54.6,-19.46,11.92,10.58,13.03,12.66,7.57,7.69,-36.99,12.19,9.35,13.23,9.63,11.46,12.26,10.89,13.85,39.28,39.92,5.82,8.51,4.51,55.62,6.09,7.06
MKL,EV/EBIT Ratio,,1.57,13.22,12.72,12.95,13.44,3318.27,-13.35,14.05,12.36,14.49,14.5,7.99,8.08,-26.69,13.7,10.71,16.69,11.73,16.07,16.75,13.46,17.41,76.65,101.17,6.46,10.76,4.97,-242.65,6.66,7.69
MKL,EV/FCF Ratio,,0.48,6.58,15.59,33.31,-304.68,25.85,11.43,4.5,4.63,5.94,7.06,9.87,10.57,7.88,13.24,21.77,17.94,13.52,10.89,14.66,20.11,27.91,20.95,19.11,13.75,7.64,7.68,6.76,7.21,8.47
MKL,Debt / Equity Ratio,,0.5,0.43,0.68,0.57,0.83,0.96,0.49,0.55,0.55,0.52,0.5,0.37,0.26,0.32,0.35,0.32,0.38,0.38,0.34,0.3,0.29,0.3,0.33,0.33,0.32,0.27,0.3,0.31,0.25,0.28
MKL,Debt / EBITDA Ratio,,1.58,2.05,2.59,2.36,3.48,21.95,-5.79,3.44,2.79,2.74,2.97,1.32,1.03,-8.6,3.41,2.41,3.8,3.06,3.4,2.97,2.12,2.71,7.41,8,1.3,2.37,1.2,13.75,1.26,1.4
MKL,Debt / FCF Ratio,,0.58,1.27,3.45,6.53,-91.69,10.39,3.4,1.3,1.22,1.25,1.65,1.71,1.41,1.83,3.7,5.61,5.15,4.3,3.23,3.55,3.92,5.47,3.95,3.83,3.07,2.13,2.05,1.67,1.5,1.64
MKL,Interest Coverage,4.35,6.67,5.62,4.3,4.69,3.12,0.01,-2.75,3.93,4.49,4.99,3.91,9.49,11.01,-2.32,4.67,5,3.13,4.31,4.15,4.73,7.22,5.81,1.62,0.96,14.26,6.55,17.93,-0.35,14.77,15.48
MKL,Asset Turnover,,,0.25,0.23,0.22,0.21,0.21,0.23,0.26,0.26,0.25,0.23,0.26,0.25,0.2,0.21,0.21,0.23,0.25,0.21,0.21,0.21,0.22,0.21,0.21,0.26,0.25,0.28,0.24,0.3,0.29
MKL,Return on Equity (ROE),,,19.40%,15.80%,14.20%,10.10%,-3.90%,-12.80%,6.70%,9.50%,10.90%,8.90%,20.30%,16.20%,-2.40%,8.10%,8.90%,4.30%,6.80%,4.80%,4.50%,7.50%,5.40%,4.40%,-1.40%,17.10%,7.00%,17.10%,-1.90%,13.80%,13.70%
MKL,Return on Assets (ROA),,,3.20%,2.80%,3.00%,1.60%,-0.50%,-2.10%,1.10%,1.50%,1.80%,1.50%,4.00%,4.00%,-0.60%,2.00%,2.50%,1.30%,2.10%,1.30%,1.30%,2.30%,1.70%,1.40%,-0.40%,4.90%,2.00%,5.20%,-0.50%,3.70%,3.70%
MKL,Return on Capital (ROIC),,12.68%,14.82%,10.95%,10.89%,8.52%,0.04%,-8.26%,5.61%,7.41%,8.24%,7.78%,13.91%,13.44%,-3.88%,6.89%,7.98%,4.57%,6.21%,4.17%,4.15%,6.77%,5.32%,8.30%,0.33%,13.34%,6.48%,13.25%,-0.54%,12.22%,11.36%
MKL,Earnings Yield,,,9.50%,5.88%,5.74%,4.68%,-2.08%,-8.12%,3.73%,4.95%,4.61%,4.76%,8.46%,8.30%,-2.00%,6.04%,7.26%,3.56%,6.07%,3.47%,3.37%,4.73%,3.60%,2.50%,-0.89%,11.34%,5.60%,14.15%,-1.42%,10.44%,9.83%
MKL,FCF Yield,,,18.40%,8.22%,3.73%,-0.40%,5.25%,10.07%,24.39%,24.98%,19.08%,16.52%,10.79%,9.86%,12.93%,7.81%,4.93%,6.30%,8.32%,8.61%,6.66%,4.64%,3.72%,4.95%,5.46%,7.29%,11.49%,12.62%,13.85%,13.47%,12.98%
MKL,Buyback Yield / Dilution,,,,-0.67%,-0.36%,-1.49%,-30.84%,-17.68%,-14.07%,-0.15%,-0.01%,0.49%,1.39%,-3.05%,1.46%,-0.05%,1.02%,1.01%,-0.07%,-45.14%,0.07%,0.07%,-0.30%,0.71%,0.05%,0.52%,0.25%,0.80%,1.59%,1.72%,1.99%
MKL,Total Shareholder Return,,,,-0.67%,-0.36%,-1.49%,-30.84%,-17.68%,-14.07%,-0.15%,-0.01%,0.49%,1.39%,-3.05%,1.46%,-0.05%,1.02%,1.01%,-0.07%,-45.14%,0.07%,0.07%,-0.30%,0.71%,0.05%,0.52%,0.25%,0.80%,1.59%,1.72%,1.99%
FAF,Market Capitalization,,,,,,,,,,,,,,,,,1557,1336,2570,2981,3636,3904,4023,6210,4990,6551,5764,8587,5419,6649,6882
FAF,Market Cap Growth,,,,,,,,,,,,,,,,,,-14.22%,92.34%,16.00%,21.99%,7.36%,3.04%,54.38%,-19.65%,31.29%,-12.02%,48.97%,-36.89%,22.69%,-4.92%
FAF,Enterprise Value,,,,,,,,,,,,,,-600,-430,-372,1122,1218,2129,2456,3034,3458,3753,5556,4331,6395,6312,9819,6477,5238,7131
FAF,PE Ratio,,,,,,,,,,,,,,,,,12.18,17.07,8.54,15.99,15.57,13.55,11.73,14.68,10.52,9.27,8.28,6.92,20.61,30.67,35.79
FAF,PS Ratio,,,,,,,,,,,,,,,,,0.4,0.35,0.57,0.6,0.78,0.75,0.72,1.08,0.87,1.06,0.81,0.93,0.71,1.11,1.17
FAF,PB Ratio,,,,,,,,,,,,,,,,,0.79,0.66,1.09,1.22,1.41,1.42,1.34,1.79,1.33,1.48,1.17,1.49,1.16,1.37,1.43
FAF,P/FCF Ratio,,,,,,,,,,,,,,,,,20.2,17.53,7.27,10.03,13.2,8.78,10.98,12.23,7.36,8.12,5.85,7.97,10.33,73.07,24.47
FAF,P/OCF Ratio,,,,,,,,,,,,,,,,,9.92,9.78,5.98,7.88,10.08,7.08,8.22,9.82,6.29,7.18,5.31,7.04,6.97,18.77,13.4
FAF,EV/Sales Ratio,,,,,,,,,,,,,,-0.1,-0.1,-0.09,0.29,0.32,0.47,0.5,0.65,0.67,0.67,0.96,0.75,1.03,0.89,1.06,0.85,0.87,1.2
FAF,EV/EBITDA Ratio,,,,,,,,,,,,,,6.52,86.26,-1.25,3.66,5.56,3.87,6.14,6.67,6.32,6.17,9.1,5.59,5.93,5.61,5.27,11.09,8.78,12.2
FAF,EV/EBIT Ratio,,,,,,,,,,,,,,3.21,4.29,-1.75,4.97,8.57,4.47,7.55,8.22,7.5,7.37,11.51,6.67,6.73,6.47,5.76,15.56,12.83,18.5
FAF,EV/FCF Ratio,,,,,,,,,,,,,,3.96,-11.36,-1.83,14.56,15.98,6.02,8.27,11.01,7.77,10.24,10.94,6.39,7.92,6.41,9.12,12.35,57.55,25.35
FAF,Debt / Equity Ratio,,,,,,,,,,,,,,0.16,0.16,0.13,0.15,0.15,0.1,0.13,0.23,0.21,0.24,0.21,0.22,0.3,0.37,0.43,0.49,0.45,0.47
FAF,Debt / EBITDA Ratio,,,,,,,,,,,,,,-3.33,-59.02,0.87,0.96,1.37,0.42,0.78,1.29,1.06,1.21,1.2,1.04,1.23,1.62,1.32,3.91,3.68,3.91
FAF,Debt / FCF Ratio,,,,,,,,,,,,,,-2.02,7.77,1.28,3.81,3.94,0.65,1.04,2.13,1.31,2.01,1.44,1.19,1.65,1.85,2.28,4.35,24.11,8.1
FAF,Interest Coverage,,,,,,,,,,,,,11.88,-4.38,-3.68,10.71,15.18,11.77,52.48,21.26,19.18,15.84,15.81,13.41,15.84,19.79,17.12,23.56,4.48,3.08,2.77
FAF,Asset Turnover,,,,,,,,,,,,,,,0.79,0.72,0.7,0.68,0.77,0.78,0.65,0.64,0.63,0.62,0.55,0.54,0.57,0.59,0.47,0.38,0.39
FAF,Return on Equity (ROE),,,,,,,,,,,,,,,-4.40%,6.30%,6.50%,3.90%,13.60%,7.80%,9.20%,10.80%,11.60%,13.00%,13.10%,17.00%,15.00%,23.00%,5.40%,4.60%,4.10%
FAF,Return on Assets (ROA),,,,,,,,,,,,,,,-1.50%,2.20%,2.30%,1.40%,5.10%,2.90%,3.30%,3.50%,3.90%,4.60%,4.60%,6.20%,5.60%,7.90%,1.60%,1.40%,1.30%
FAF,Return on Capital (ROIC),,,,,,,,,,,,,,-15.99%,-4.06%,6.25%,6.05%,3.68%,11.92%,7.09%,7.81%,9.25%,9.79%,10.82%,11.15%,12.99%,11.02%,15.83%,4.91%,4.54%,4.32%
FAF,Earnings Yield,,,,,,,,,,,,,,,,,8.21%,5.86%,11.72%,6.25%,6.42%,7.38%,8.53%,6.81%,9.51%,10.79%,12.07%,14.45%,4.85%,3.26%,2.83%
FAF,FCF Yield,,,,,,,,,,,,,,,,,4.95%,5.71%,13.76%,9.97%,7.58%,11.39%,9.11%,8.18%,13.58%,12.32%,17.09%,12.54%,9.68%,1.37%,4.09%
FAF,Dividend Yield,,,,,,,,,,,,,,,,,1.20%,1.90%,1.50%,1.70%,2.50%,2.80%,3.30%,2.60%,3.60%,2.90%,3.40%,2.50%,3.90%,3.30%,3.22%
FAF,Payout Ratio,,,,,,,,,,,,,,,0.00%,0.00%,14.80%,32.40%,12.70%,27.60%,38.50%,37.70%,38.70%,38.00%,38.00%,26.80%,28.80%,17.40%,83.70%,101.00%,115.58%
FAF,Buyback Yield / Dilution,,,,,,,,,,,,,,,,,-2.09%,-0.69%,-1.52%,-0.52%,0.38%,-1.05%,-1.21%,-1.15%,-0.75%,-0.37%,0.62%,1.42%,3.68%,2.52%,0.38%
FAF,Total Shareholder Return,,,,,,,,,,,,,,,,,-0.89%,1.21%,-0.02%,1.18%,2.88%,1.75%,2.09%,1.45%,2.85%,2.53%,4.02%,3.92%,7.58%,5.82%,3.60%
HIG,Market Capitalization,,,7955,11045,12511,10500,15927,15404,11592,16700,20357,25800,29573,27364,4935,8909,11776,7243,9791,16198,17988,17802,17999,20076,15946,21903,17551,23498,24121,24176,35748
HIG,Market Cap Growth,,,,38.85%,13.27%,-16.07%,51.68%,-3.28%,-24.75%,44.07%,21.90%,26.73%,14.63%,-7.47%,-81.96%,80.51%,32.18%,-38.49%,35.17%,65.44%,11.05%,-1.04%,1.11%,11.54%,-20.57%,37.36%,-19.87%,33.88%,2.65%,0.23%,33.08%
HIG,Enterprise Value,,1813,9375,13678,15217,13147,19040,19027,15594,21898,24138,29294,32510,30669,10555,13742,16703,11192,14657,21314,23698,22713,22581,24894,20503,26489,21664,28105,28134,28349,40387
HIG,PE Ratio,,,-80.35,8.29,12.33,12.18,16.35,30.38,11.59,-183.51,9.63,11.35,10.77,9.28,-1.79,-8.79,10.51,10.81,-122.38,92.03,22.54,10.58,20.09,-6.41,8.85,10.61,10.23,10,13.42,9.74,12.82
HIG,PS Ratio,,,0.63,0.82,0.83,0.78,1.08,0.96,0.71,0.89,0.9,0.95,1.12,1.06,0.54,0.37,0.53,0.33,0.44,0.78,0.97,1.11,1.11,1.17,0.84,1.06,0.86,1.05,1.08,0.99,1.44
HIG,PB Ratio,,,1.76,1.94,2.1,2.09,2.13,1.71,1.08,1.44,1.43,1.68,1.57,1.43,0.53,0.5,0.58,0.34,0.44,0.86,0.96,1.01,1.07,1.49,1.22,1.35,0.95,1.32,1.76,1.58,2.34
HIG,P/FCF Ratio,,,8.6,5.71,15.66,13.62,7.13,7.51,4.85,4.39,8.3,7.33,5.43,4.57,1.18,3,3.56,3.19,3.74,13.81,10.19,7.27,9.77,10.37,5.86,6.47,4.67,5.93,6.29,6.04,6.48
HIG,P/OCF Ratio,,,8,5.4,13.79,11.01,6.54,6.81,4.5,4.29,7.73,6.91,5.25,4.57,1.18,3,3.56,3.19,3.65,13.09,9.54,6.46,8.71,9.18,5.61,6.28,4.53,5.74,6.02,5.73,6.23
HIG,EV/Sales Ratio,,0.15,0.75,1.02,1.01,0.97,1.29,1.19,0.95,1.17,1.06,1.08,1.23,1.18,1.14,0.56,0.76,0.51,0.66,1.03,1.27,1.42,1.39,1.45,1.08,1.28,1.06,1.26,1.26,1.16,1.58
HIG,EV/EBITDA Ratio,,2.2,-39.56,7.81,10.2,10.89,13.34,48.54,10.85,-364.96,7.98,7.71,7.25,6.06,-2.72,-17.64,5.04,7.39,25.4,21.14,13.17,8.44,15.52,-17.4,7.22,8.1,7.42,7.36,9.08,7.47,9.72
HIG,EV/EBIT Ratio,,2.45,-29.48,8.21,10.85,11.44,13.96,61.98,11.7,-78.49,8.77,9.05,8.38,7.19,-2.48,-11,6.15,13.21,133.24,26.02,15.55,9.8,21.36,-13.6,8.64,9.4,9.2,8.95,11.37,8.62,10.62
HIG,EV/FCF Ratio,,1.78,10.14,7.07,19.04,17.05,8.52,9.27,6.53,5.75,9.84,8.32,5.97,5.12,2.52,4.62,5.05,4.92,5.6,18.17,13.43,9.27,12.26,12.86,7.54,7.83,5.77,7.1,7.34,7.08,7.31
HIG,Debt / Equity Ratio,,0.41,0.34,0.49,0.47,0.56,0.45,0.44,0.41,0.49,0.35,0.31,0.23,0.28,0.8,0.39,0.34,0.3,0.32,0.35,0.33,0.3,0.29,0.37,0.36,0.3,0.23,0.28,0.32,0.28,0.28
HIG,Debt / EBITDA Ratio,,2.32,-6.46,1.58,1.9,2.34,2.34,10.14,3.05,-94.33,1.63,1.26,0.97,1.05,-1.91,-8.95,2.11,4.31,12.63,6.49,3.39,1.99,3.37,-3.49,1.65,1.48,1.49,1.29,1.41,1.15,1.03
HIG,Debt / FCF Ratio,,1.87,1.66,1.43,3.54,3.67,1.49,1.94,1.83,1.49,2.01,1.35,0.8,0.89,1.77,2.35,2.11,2.87,2.79,5.58,3.46,2.19,2.67,2.58,1.72,1.43,1.16,1.25,1.14,1.09,0.79
HIG,Interest Coverage,,,,,,,,,5.03,-1.03,10.96,12.85,14,16.23,-12.38,-2.62,5.35,1.67,0.24,2.06,4.05,6.7,3.23,-5.79,7.96,10.88,9.98,13.41,11.62,16.52,19.02
HIG,Asset Turnover,,,0.12,0.11,0.1,0.09,0.09,0.09,0.09,0.09,0.09,0.1,0.09,0.07,0.03,0.08,0.07,0.07,0.07,0.07,0.07,0.07,0.07,0.08,0.19,0.3,0.29,0.3,0.31,0.33,0.33
HIG,Return on Equity (ROE),,,-2.10%,25.90%,17.10%,15.80%,15.20%,5.80%,9.90%,-0.80%,15.80%,15.10%,16.30%,15.60%,-19.50%,-7.20%,5.80%,3.10%,-0.40%,0.90%,4.20%,9.20%,5.00%,-19.30%,14.00%,13.30%,10.00%,13.10%,12.70%,17.30%,19.20%
HIG,Return on Assets (ROA),,,-0.10%,1.10%,0.70%,0.50%,0.60%,0.30%,0.60%,0.00%,0.90%,0.80%,0.90%,0.80%,-0.90%,-0.30%,0.40%,0.20%,0.00%,0.10%,0.30%,0.70%,0.40%,-1.40%,1.80%,3.00%,2.40%,3.10%,2.50%,3.30%,3.80%
HIG,Return on Capital (ROIC),,8.49%,-5.25%,12.62%,12.14%,11.78%,9.37%,4.34%,8.26%,-1.61%,12.24%,12.27%,12.72%,12.82%,-25.44%,-5.01%,7.55%,5.31%,4.30%,5.99%,5.81%,6.85%,4.36%,5.62%,10.08%,11.22%,8.43%,11.24%,11.04%,13.54%,15.34%
HIG,Earnings Yield,,,-1.24%,12.06%,8.11%,8.21%,6.12%,3.29%,8.63%,-0.54%,10.39%,8.81%,9.28%,10.78%,-55.86%,-11.38%,9.52%,9.25%,-0.82%,1.09%,4.44%,9.45%,4.98%,-15.60%,11.29%,9.42%,9.78%,10.00%,7.45%,10.27%,8.07%
HIG,FCF Yield,,,11.63%,17.53%,6.39%,7.34%,14.03%,13.32%,20.60%,22.80%,12.05%,13.65%,18.40%,21.89%,84.94%,33.38%,28.10%,31.39%,26.71%,7.24%,9.81%,13.76%,10.23%,9.64%,17.06%,15.45%,21.41%,16.85%,15.89%,16.57%,15.42%
HIG,Dividend Yield,,0.00%,2.40%,1.70%,5.20%,1.90%,1.40%,1.60%,2.30%,1.80%,1.60%,1.40%,1.80%,2.30%,11.60%,0.90%,0.80%,2.50%,1.80%,1.40%,1.60%,1.80%,1.80%,1.70%,2.50%,2.00%,2.70%,2.10%,2.10%,2.20%,1.54%
HIG,Payout Ratio,0.00%,0.00%,-190.50%,14.20%,65.40%,24.00%,21.90%,47.40%,26.20%,-330.30%,15.60%,15.30%,19.10%,21.80%,-21.20%,-6.80%,7.70%,26.50%,-222.20%,135.10%,36.50%,19.30%,37.20%,-10.90%,21.90%,21.00%,27.10%,21.30%,28.50%,21.60%,19.76%
HIG,Buyback Yield / Dilution,,,0.38%,-1.88%,1.13%,3.68%,1.36%,-7.58%,-4.31%,-8.18%,-9.03%,-2.90%,-3.37%,-1.01%,3.89%,-12.91%,-28.37%,-0.27%,2.12%,-2.47%,3.49%,5.07%,7.78%,5.56%,-0.57%,-0.47%,0.58%,5.02%,6.54%,5.45%,5.01%
HIG,Total Shareholder Return,,,2.78%,-0.18%,6.33%,5.58%,2.76%,-5.98%,-2.01%,-6.38%,-7.43%,-1.50%,-1.57%,1.29%,15.49%,-12.01%,-27.57%,2.23%,3.92%,-1.07%,5.09%,6.87%,9.58%,7.26%,1.93%,1.53%,3.28%,7.12%,8.64%,7.65%,6.55%
BRO,Year Ending,,,,12/31/1997,12/31/1998,12/31/1999,12/31/2000,12/31/2001,12/31/2002,12/31/2003,12/31/2004,12/31/2005,12/31/2006,12/31/2007,12/31/2008,12/31/2009,12/31/2010,12/31/2011,12/31/2012,12/31/2013,12/31/2014,12/31/2015,12/31/2016,12/31/2017,12/31/2018,12/31/2019,12/31/2020,12/31/2021,12/31/2022,12/31/2023,Current
BRO,Market Capitalization,,,,,,526,995,1725,2204,2239,3012,4245,3948,3307,2957,2552,3415,3245,3662,4565,4731,4525,6290,7174,7695,11123,13467,19849,16135,20238,30349
BRO,Market Cap Growth,,,,,,,89.38%,73.32%,27.73%,1.58%,34.53%,40.97%,-6.99%,-16.25%,-10.57%,-13.69%,33.80%,-4.99%,12.85%,24.67%,3.64%,-4.36%,39.00%,14.05%,7.27%,44.55%,21.07%,47.39%,-18.71%,25.43%,30.62%
BRO,Enterprise Value,,,,,-21,491,939,1757,2117,2124,2916,4182,3859,3250,2986,2459,3262,3071,3719,4581,5189,4983,6567,7301,8412,11871,14446,21346,19611,23502,33739
BRO,PE Ratio,,,,,,18.59,30.35,32,26.51,20.29,23.37,28.2,22.91,17.32,17.8,16.65,21.11,19.79,19.9,21.03,22.87,18.6,24.43,17.95,22.35,27.91,28.03,33.81,24.02,23.25,30.65
BRO,PS Ratio,,,,,,2.21,3.75,4.73,4.84,4.06,4.66,5.4,4.5,3.45,3.03,2.64,3.51,3.2,3.05,3.35,3,2.73,3.56,3.81,3.82,4.65,5.15,6.51,4.51,4.75,6.74
BRO,PB Ratio,,,,,,5.1,8.41,9.84,5.63,4.5,4.82,5.55,4.25,3.01,2.38,1.86,2.27,1.97,2.03,2.27,2.24,2.11,2.67,2.78,2.57,3.32,3.59,4.73,3.5,3.63,5.06
BRO,P/FCF Ratio,,,,,,13.12,25.88,28.5,32.52,16.99,18.1,20.81,18.66,17.28,8.9,12.06,11.89,14.26,17.4,12.05,12.66,12.1,15.79,17,14.49,17.75,20.66,25.43,18.15,19.33,33.46
BRO,P/OCF Ratio,,,,,,11.89,23.55,24.67,31.43,15.68,17.69,19.74,17.53,15.36,8.65,11.52,11.53,13.66,16.62,11.72,12.29,11.85,15.3,16.23,13.56,16.4,18.89,24.54,18.31,20.05,30.67
BRO,EV/Sales Ratio,,,,,-0.12,2.07,3.54,4.81,4.65,3.86,4.51,5.32,4.4,3.39,3.05,2.54,3.35,3.03,3.1,3.36,3.29,3,3.72,3.88,4.18,4.96,5.53,7,5.49,5.52,7.58
BRO,EV/EBITDA Ratio,,,,,-0.43,7.9,13.5,15.04,13.37,10.32,11.89,13.85,11.31,8.59,8.6,7.4,9.47,8.73,9.3,9.97,10.99,9.06,11.51,12.25,13.73,16.53,17.66,21.77,16.3,15.24,22.53
BRO,EV/EBIT Ratio,,,,,-0.54,10.24,17.33,18.61,15.45,11.8,13.62,16.17,13.15,9.99,10.4,9.13,11.63,10.79,11.59,12.25,14.09,11.28,14.18,14.96,16.72,20.13,21.15,25.79,19.28,17.59,26.21
BRO,EV/FCF Ratio,,,,,-0.71,12.26,24.42,29.03,31.24,16.12,17.53,20.5,18.24,16.98,8.99,11.62,11.36,13.49,17.68,12.09,13.88,13.32,16.49,17.31,15.84,18.94,22.16,27.35,22.05,22.44,37.01
BRO,Debt / Equity Ratio,,,,,0.27,0.09,0.13,0.57,0.22,0.12,0.39,0.35,0.26,0.22,0.21,0.2,0.17,0.15,0.25,0.24,0.57,0.53,0.45,0.38,0.5,0.51,0.6,0.52,0.9,0.71,0.71
BRO,Debt / EBITDA Ratio,,,,,0.45,0.14,0.22,0.85,0.54,0.29,0.99,0.89,0.72,0.63,0.75,0.8,0.73,0.71,1.13,1.04,2.54,2.08,1.88,1.64,2.46,2.4,2.77,2.25,3.44,2.58,2.52
BRO,Debt / FCF Ratio,,,,,0.74,0.22,0.39,1.64,1.25,0.45,1.46,1.32,1.15,1.25,0.78,1.26,0.88,1.1,2.14,1.27,3.21,3.06,2.7,2.31,2.84,2.75,3.48,2.82,4.65,3.8,4.02
BRO,Interest Coverage,,,,32.81,54.03,35.27,42.82,16.56,29.42,49.7,29.92,17.87,21.97,23.57,19.55,18.45,19.39,20.14,19.94,22.75,12.96,11.26,11.73,12.74,12.4,9.26,11.58,12.74,7.2,7.03,7.78
BRO,Quick Ratio,,,,,0.94,0.88,0.89,0.74,1.08,1.06,1.4,1.01,1.04,0.96,0.91,1.19,1.32,1.38,1.22,0.95,1.18,1.1,1.17,1.1,1.14,1.15,1.19,0.89,0.74,0.65,0.72
BRO,Current Ratio,,,,,1.02,0.95,0.94,0.78,1.14,1.14,1.48,1.06,1.1,1.06,1,1.28,1.39,1.47,1.34,1.02,1.24,1.16,1.2,1.13,1.22,1.22,1.26,1.25,1.09,1.03,1.13
BRO,Asset Turnover,,,,,,1,0.98,0.9,0.63,0.66,0.59,0.52,0.5,0.51,0.47,0.44,0.42,0.4,0.39,0.4,0.34,0.33,0.34,0.32,0.34,0.33,0.31,0.32,0.28,0.3,0.3
BRO,Return on Equity (ROE),,,,,,30.30%,28.50%,36.70%,22.60%,24.00%,22.20%,21.10%,19.80%,18.30%,13.90%,11.50%,11.10%,10.30%,10.50%,11.20%,9.90%,11.40%,11.30%,16.10%,11.90%,12.30%,13.20%,14.60%,15.30%,16.80%,17.60%
BRO,Return on Assets (ROA),,,,,,11.90%,12.10%,13.30%,11.60%,13.30%,11.70%,9.90%,9.80%,10.10%,8.00%,6.90%,6.90%,6.50%,5.90%,6.30%,4.50%,4.90%,4.90%,6.80%,5.80%,5.40%,5.70%,6.20%,5.30%,6.20%,6.70%
BRO,Return on Capital (ROIC),,,,,22.64%,26.51%,25.69%,21.30%,18.36%,20.18%,15.37%,15.42%,15.38%,14.92%,11.66%,9.90%,9.64%,9.03%,8.62%,9.19%,6.95%,8.16%,8.36%,12.42%,8.36%,8.79%,8.67%,10.44%,8.58%,10.80%,11.24%
BRO,Earnings Yield,,,,,,5.38%,3.29%,3.13%,3.77%,4.93%,4.28%,3.55%,4.36%,5.77%,5.62%,6.01%,4.74%,5.05%,5.03%,4.76%,4.37%,5.38%,4.09%,5.57%,4.47%,3.58%,3.57%,2.96%,4.16%,4.30%,3.22%
BRO,FCF Yield,,,,,,7.62%,3.86%,3.51%,3.07%,5.89%,5.52%,4.81%,5.36%,5.79%,11.24%,8.29%,8.41%,7.01%,5.75%,8.30%,7.90%,8.27%,6.33%,5.88%,6.90%,5.63%,4.84%,3.93%,5.51%,5.17%,2.99%
BRO,Dividend Yield,,,,0.10%,0.10%,0.20%,0.10%,0.10%,0.30%,0.40%,0.30%,0.30%,0.70%,1.10%,1.40%,1.70%,1.30%,1.40%,1.40%,1.20%,1.20%,1.40%,1.10%,1.10%,1.10%,0.80%,0.70%,0.50%,0.70%,0.70%,0.49%
BRO,Payout Ratio,,,,2.30%,2.90%,3.50%,3.80%,4.70%,8.10%,7.40%,7.70%,7.90%,17.10%,18.40%,24.20%,28.00%,27.50%,28.30%,27.00%,24.70%,28.70%,26.30%,27.40%,19.40%,24.60%,22.90%,20.50%,18.30%,17.70%,15.50%,14.98%
BRO,Buyback Yield / Dilution,,,,,-4.04%,-8.62%,-0.71%,-1.82%,-7.63%,-1.26%,-0.79%,-0.64%,-0.89%,3.31%,-0.39%,-0.46%,-1.32%,-0.68%,-1.24%,-0.43%,-0.19%,-0.02%,0.54%,0.57%,-0.14%,-0.91%,-0.82%,0.57%,-0.28%,-0.49%,-1.04%
BRO,Total Shareholder Return,,,,0.10%,-3.94%,-8.42%,-0.61%,-1.72%,-7.33%,-0.86%,-0.49%,-0.34%,-0.19%,4.41%,1.01%,1.24%,-0.02%,0.72%,0.16%,0.77%,1.01%,1.38%,1.64%,1.67%,0.96%,-0.11%,-0.12%,1.07%,0.42%,0.21%,-0.55%
AIZ,Year Ending,,,,,,,12/31/2000,12/31/2001,12/31/2002,12/31/2003,12/31/2004,12/31/2005,12/31/2006,12/31/2007,12/31/2008,12/31/2009,12/31/2010,12/31/2011,12/31/2012,12/31/2013,12/31/2014,12/31/2015,12/31/2016,12/31/2017,12/31/2018,12/31/2019,12/31/2020,12/31/2021,12/31/2022,12/31/2023,Current
AIZ,Market Capitalization,,,,,,,,,,,4276,5693,6818,7888,3529,3443,4104,3782,2731,4826,4808,5303,5294,5426,5550,7948,8004,8880,6607,8861,10229
AIZ,Market Cap Growth,,,,,,,,,,,,33.14%,19.76%,15.70%,-55.27%,-2.42%,19.20%,-7.86%,-27.78%,76.71%,-0.39%,10.30%,-0.16%,2.50%,2.28%,43.21%,0.70%,10.95%,-25.60%,34.11%,29.34%
AIZ,Enterprise Value,,,,,,,,,-611,792,4440,5809,6802,8055,3460,3097,3926,3588,2794,4747,4660,5179,5329,5498,6302,8088,8049,9042,7200,9314,10632
AIZ,PE Ratio,,,,,,,,,,,12.2,11.88,9.5,12.07,7.88,8,14.73,7.02,5.65,9.87,10.21,37.45,9.36,10.44,23.44,21.84,18.96,6.54,23.89,13.79,13.18
AIZ,PS Ratio,,,,,,,,,,,0.58,0.76,0.85,0.93,0.41,0.4,0.48,0.46,0.32,0.53,0.46,0.51,0.7,0.85,0.69,0.83,0.83,0.87,0.65,0.8,0.91
AIZ,PB Ratio,,,,,,,,,,,1.18,1.54,1.78,1.93,0.95,0.71,0.86,0.78,0.53,1,0.93,1.17,1.29,1.27,1.09,1.41,1.35,1.63,1.56,1.84,2.05
AIZ,P/FCF Ratio,,,,,,,,,,,5.6,6.59,6.7,6.88,3.74,15.97,8.38,4.59,4.37,4.94,15.5,46.11,226.25,10.97,9.67,6.1,6.56,14.94,16.09,9.47,8.05
AIZ,P/OCF Ratio,,,,,,,,,,,5.25,6.28,7.41,6.55,3.53,12.76,7.59,4.42,4.02,4.7,12.21,23.07,48.75,10.23,8.45,5.62,5.96,11.36,11.07,7.79,6.9
AIZ,EV/Sales Ratio,,,,,,,,,-0.09,0.11,0.6,0.77,0.84,0.95,0.4,0.36,0.46,0.43,0.33,0.52,0.45,0.5,0.71,0.86,0.78,0.85,0.84,0.89,0.71,0.84,0.92
AIZ,EV/EBITDA Ratio,,,,,,,,,0.72,2.57,6.8,7.26,5.43,6.91,4.83,3.5,4.95,4,2.96,4.78,4.99,13.16,5.17,9.02,11.27,10.54,10.79,4.99,11.25,8.38,8.05
AIZ,EV/EBIT Ratio,,,,,,,,,0.69,3.04,7.5,8.1,5.87,7.51,5.54,4.02,5.88,4.68,3.42,5.47,5.81,20.21,5.88,11.13,14.58,12.61,13.33,5.51,15.71,10.18,9.5
AIZ,EV/FCF Ratio,,,,,,,,,-2.03,1.24,5.82,6.72,6.69,7.03,3.67,14.36,8.01,4.36,4.47,4.86,15.02,45.04,227.74,11.12,10.98,6.21,6.59,15.21,17.54,9.96,8.33
AIZ,Debt / Equity Ratio,,,,,,,,,,0.66,0.27,0.26,0.25,0.24,0.26,0.2,0.2,0.2,0.19,0.34,0.23,0.26,0.26,0.25,0.39,0.36,0.38,0.4,0.5,0.43,0.42
AIZ,Debt / EBITDA Ratio,,,,,,,,,,5.67,1.49,1.21,0.78,0.83,1.36,1.1,1.22,1.09,1.03,1.65,1.25,2.96,1.03,1.75,3.59,2.62,3.02,1.21,3.33,1.87,1.61
AIZ,Debt / FCF Ratio,,,,,,,,,,2.73,1.27,1.12,0.96,0.85,1.03,4.51,1.98,1.18,1.55,1.68,3.78,10.13,45.6,2.16,3.5,1.54,1.85,3.71,5.19,2.22,1.63
AIZ,Interest Coverage,,,,,,,8.85,15.69,,221.73,10.5,11.7,18.92,17.53,10.24,12.7,11,12.7,13.57,11.16,13.74,4.65,15.73,9.98,4.31,5.8,5.78,14.69,4.23,8.47,10.14
AIZ,Asset Turnover,,,,,,,,,,0.31,0.31,0.3,0.33,0.32,0.34,0.35,0.32,0.31,0.31,0.31,0.34,0.34,0.25,0.21,0.2,0.22,0.22,0.26,0.31,0.34,0.35
AIZ,Return on Equity (ROE),,,,,,,,,,7.20%,9.90%,12.90%,19.40%,16.60%,11.30%,9.70%,5.50%,11.00%,9.50%,10.00%,9.00%,3.00%,12.70%,12.40%,4.70%,6.50%,7.30%,23.70%,6.20%,14.10%,16.60%
AIZ,Return on Assets (ROA),,,,,,,,,,0.80%,1.50%,1.90%,2.90%,2.50%,1.70%,1.70%,1.10%,2.00%,1.70%,1.70%,1.50%,0.50%,1.90%,1.70%,0.60%,0.80%,1.00%,3.40%,0.80%,1.90%,2.40%
AIZ,Return on Capital (ROIC),,,,,,,,,19.13%,9.46%,8.44%,11.22%,15.74%,13.70%,10.60%,8.02%,5.33%,10.01%,8.48%,8.30%,7.99%,3.17%,11.99%,10.82%,4.61%,5.61%,7.34%,10.49%,5.71%,10.57%,12.49%
AIZ,Earnings Yield,,,,,,,,,,,8.20%,8.42%,10.52%,8.29%,12.69%,12.50%,6.79%,14.25%,17.71%,10.13%,9.80%,2.67%,10.68%,9.58%,4.27%,4.58%,5.27%,15.28%,4.19%,7.25%,7.77%
AIZ,FCF Yield,,,,,,,,,,,17.86%,15.19%,14.92%,14.53%,26.75%,6.26%,11.94%,21.77%,22.91%,20.24%,6.45%,2.17%,0.44%,9.11%,10.34%,16.40%,15.25%,6.69%,6.21%,10.56%,12.43%
AIZ,Dividend Yield,,,,,,,,,,,0.70%,0.70%,0.70%,0.70%,1.80%,2.00%,1.60%,1.70%,2.30%,1.40%,1.50%,1.70%,2.20%,2.10%,2.50%,1.90%,1.90%,1.70%,2.20%,1.70%,1.46%
AIZ,Payout Ratio,,,,,,,0.00%,0.00%,0.00%,0.00%,8.30%,8.80%,6.70%,8.40%,14.20%,16.20%,25.00%,12.50%,14.10%,15.00%,16.30%,65.90%,22.00%,22.80%,57.00%,41.40%,36.30%,11.60%,53.80%,23.50%,19.22%
AIZ,Buyback Yield / Dilution,,,,,,,,-1.12%,,,-26.78%,1.10%,5.94%,5.63%,2.13%,0.40%,5.93%,12.27%,12.77%,8.97%,5.80%,5.65%,10.26%,10.69%,-7.66%,-4.65%,-1.39%,4.84%,8.88%,1.82%,1.12%
AIZ,Total Shareholder Return,,,,,,,,-1.12%,,,-26.08%,1.80%,6.64%,6.33%,3.93%,2.40%,7.53%,13.97%,15.07%,10.37%,7.30%,7.35%,12.46%,12.79%,-5.16%,-2.75%,0.51%,6.54%,11.08%,3.52%,2.58%
AFL,Market Capitalization,,,5840,6942,11641,12558,19147,12825,15547,18554,20158,23227,22747,30552,21367,21640,26593,20193,24908,31135,27526,25562,28404,34511,34684,38830,31238,38627,44731,48211,64123
AFL,Market Cap Growth,,,,18.86%,67.69%,7.88%,52.47%,-33.02%,21.23%,19.34%,8.65%,15.22%,-2.07%,34.31%,-30.06%,1.28%,22.89%,-24.07%,23.35%,25.00%,-11.59%,-7.14%,11.12%,21.50%,0.50%,11.95%,-19.55%,23.65%,15.80%,7.78%,20.33%
AFL,Enterprise Value,,323,5985,7229,11863,12960,19617,13180,15480,18911,17774,23325,22970,30454,22147,21916,27510,21229,27219,33489,28150,26183,28905,36309,36125,40503,33996,41532,48230,51269,70711
AFL,PE Ratio,,,14.82,11.87,23.9,21.99,27.87,18.67,18.94,24.16,15.92,15.66,15.34,18.7,17.04,14.46,11.42,10.43,8.69,9.86,9.33,10.09,10.68,7.5,11.88,11.75,6.54,9.13,10.13,10.35,12.16
AFL,PS Ratio,,,0.82,0.96,1.64,1.45,1.97,1.34,1.52,1.62,1.52,1.62,1.56,1.99,1.29,1.19,1.28,0.91,0.98,1.3,1.21,1.23,1.26,1.59,1.59,1.74,1.41,1.79,2.34,2.58,3.44
AFL,PB Ratio,,,2.75,2.02,3.09,3.25,4.08,2.36,2.43,2.79,2.66,2.93,2.73,3.47,3.22,2.57,2.4,1.56,1.56,2.13,1.5,1.44,1.39,1.4,1.48,1.34,0.93,1.16,2.22,2.19,2.48
AFL,P/FCF Ratio,,,2.17,2.66,4.66,4.48,5.9,4.5,5.12,5.47,4.49,5.24,5.17,6.56,4.3,3.51,3.81,1.86,1.67,2.95,4.2,3.77,4.74,5.63,5.77,7.12,5.24,7.65,11.53,15.11,21.74
AFL,P/OCF Ratio,,,2.17,2.66,4.66,4.48,5.9,4.5,5.12,5.47,4.49,5.24,5.17,6.56,4.3,3.51,3.81,1.86,1.67,2.95,4.2,3.77,4.74,5.63,5.77,7.12,5.24,7.65,11.53,15.11,21.74
AFL,EV/Sales Ratio,,0.04,0.84,1,1.67,1.5,2.02,1.37,1.51,1.65,1.34,1.62,1.57,1.98,1.34,1.2,1.33,0.96,1.07,1.4,1.24,1.25,1.28,1.68,1.66,1.82,1.54,1.93,2.52,2.74,3.66
AFL,EV/EBITDA Ratio,,0.52,8.38,8.22,21.03,16.28,19.03,11.98,12.1,15.5,9.9,10.37,10.06,12.06,11.4,9.5,7.42,6.75,5.97,6.55,5.85,6.31,6.67,8.53,8.59,8.67,7.72,7.63,9.47,9.4,10.88
AFL,EV/EBIT Ratio,,0.52,8.99,8.22,21.03,16.28,19.03,11.98,12.1,15.5,9.9,10.37,10.06,12.06,11.4,9.5,7.42,6.75,5.97,6.55,5.85,6.31,6.67,8.53,8.59,8.67,7.72,7.63,9.47,9.4,10.92
AFL,EV/FCF Ratio,,0.11,2.22,2.77,4.75,4.62,6.05,4.63,5.1,5.58,3.96,5.26,5.22,6.54,4.46,3.56,3.94,1.96,1.82,3.18,4.3,3.86,4.83,5.93,6.01,7.42,5.71,8.22,12.43,16.07,23.87
AFL,Debt / Equity Ratio,,0.15,0.17,0.15,0.16,0.26,0.23,0.22,0.21,0.21,0.19,0.18,0.17,0.17,0.26,0.31,0.27,0.25,0.27,0.33,0.29,0.28,0.26,0.22,0.25,0.23,0.24,0.24,0.37,0.33,0.29
AFL,Debt / EBITDA Ratio,,0.53,0.5,0.59,1.06,1.28,1.05,1.1,1.03,1.15,0.8,0.62,0.62,0.58,0.89,1.13,0.82,1.04,0.95,0.96,1.1,1.2,1.24,1.24,1.37,1.41,1.79,1.46,1.46,1.35,1.15
AFL,Debt / FCF Ratio,,0.11,0.13,0.2,0.24,0.36,0.33,0.42,0.43,0.42,0.32,0.31,0.32,0.31,0.35,0.42,0.43,0.3,0.29,0.46,0.81,0.73,0.9,0.86,0.96,1.2,1.33,1.58,1.92,2.31,2.32
AFL,Interest Coverage,46.53,39.5,41.63,62.79,43.38,44.22,54.26,57.89,63.95,55.45,78.09,97.78,120.16,93.56,67,32.04,24.9,16.05,17.48,17.44,15.17,14.36,16.18,17.74,18.94,20.5,18.19,22.88,22.54,27.98,33.56
AFL,Asset Turnover,,,0.28,0.25,0.25,0.26,0.26,0.25,0.25,0.24,0.24,0.25,0.25,0.25,0.23,0.23,0.22,0.2,0.2,0.2,0.18,0.18,0.17,0.16,0.15,0.15,0.14,0.14,0.14,0.14,0.16
AFL,Return on Equity (ROE),,,18.50%,21.00%,13.60%,15.10%,16.10%,12.70%,13.90%,11.00%,18.10%,18.40%,19.10%,19.30%,17.20%,21.50%,22.60%,15.90%,19.20%,21.60%,17.00%,14.30%,12.40%,20.80%,12.30%,11.70%,15.70%,12.80%,17.60%,22.00%,23.20%
AFL,Return on Assets (ROA),,,1.60%,2.00%,1.70%,1.70%,1.80%,1.80%,2.00%,1.60%,2.30%,2.60%,2.60%,2.60%,1.70%,1.90%,2.50%,1.80%,2.30%,2.60%,2.40%,2.10%,2.00%,3.40%,2.10%,2.20%,3.00%,2.70%,3.30%,3.60%,4.40%
AFL,Return on Capital (ROIC),,14.55%,16.28%,15.04%,11.42%,11.96%,12.12%,10.54%,10.82%,9.71%,14.24%,16.07%,15.31%,16.10%,15.23%,14.03%,17.21%,12.73%,14.95%,17.17%,13.37%,12.00%,10.97%,16.32%,10.54%,9.78%,12.20%,10.74%,16.76%,16.46%,16.84%
AFL,Earnings Yield,,,6.75%,8.43%,4.18%,4.55%,3.59%,5.36%,5.28%,4.14%,6.28%,6.38%,6.52%,5.35%,5.87%,6.92%,8.75%,9.59%,11.51%,10.14%,10.72%,9.91%,9.36%,13.34%,8.42%,8.51%,15.30%,10.95%,9.88%,9.66%,8.50%
AFL,FCF Yield,,,46.13%,37.58%,21.48%,22.32%,16.95%,22.22%,19.54%,18.27%,22.25%,19.09%,19.33%,15.24%,23.24%,28.47%,26.28%,53.69%,60.03%,33.88%,23.80%,26.51%,21.08%,17.76%,17.34%,14.05%,19.07%,13.08%,8.67%,6.62%,4.60%
AFL,Dividend Yield,1.40%,1.20%,0.90%,0.90%,0.60%,0.60%,0.50%,0.80%,0.80%,0.80%,1.00%,0.90%,1.20%,1.30%,2.10%,2.40%,2.00%,2.80%,2.50%,2.10%,2.50%,2.60%,2.40%,2.00%,2.30%,2.00%,2.50%,2.30%,2.20%,2.00%,1.75%
AFL,Payout Ratio,15.70%,14.00%,13.60%,10.40%,13.80%,13.50%,12.80%,14.70%,14.50%,20.00%,15.30%,14.90%,18.40%,23.90%,36.20%,34.90%,23.00%,29.60%,21.80%,20.90%,22.90%,26.90%,25.70%,15.00%,27.40%,24.30%,16.70%,21.00%,23.00%,21.50%,21.24%
AFL,Buyback Yield / Dilution,,3.34%,3.37%,2.54%,2.03%,0.16%,1.08%,1.38%,1.69%,1.17%,1.09%,1.69%,1.16%,1.57%,3.07%,2.04%,-0.86%,0.79%,0.02%,0.40%,2.87%,4.59%,4.44%,3.62%,2.91%,3.64%,4.05%,5.51%,5.77%,6.10%,6.03%
AFL,Total Shareholder Return,1.40%,4.54%,4.27%,3.44%,2.63%,0.76%,1.58%,2.18%,2.49%,1.97%,2.09%,2.59%,2.36%,2.87%,5.17%,4.44%,1.14%,3.59%,2.52%,2.50%,5.37%,7.19%,6.84%,5.62%,5.21%,5.64%,6.55%,7.81%,7.97%,8.10%,7.77%
INC,Market Capitalization,,,5417,7920,8266,7819,9064,9202,5591,7185,8150,9187,18418,15674,4821,7516,8809,5858,7123,13542,14982,12438,15147,16821,10960,11703,9723,12335,5198,4576,5700
INC,Market Cap Growth,,,,46.21%,4.36%,-5.41%,15.92%,1.52%,-39.24%,28.51%,13.43%,12.72%,100.48%,-14.90%,-69.24%,55.90%,17.21%,-33.50%,21.59%,90.12%,10.63%,-16.98%,21.78%,11.06%,-34.84%,6.78%,-16.92%,26.86%,-57.86%,-11.98%,21.06%
INC,Enterprise Value,,-487,5088,4934,7604,7840,8907,7793,5566,6977,8091,8328,20912,19177,4779,8891,11818,7039,8532,16999,16583,14845,17770,20537,14454,15507,14697,16348,8310,7160,10624
INC,PE Ratio,,,10.55,8.48,16.22,16.99,14.59,16.86,114.56,14.04,11.53,11.06,14,12.9,84.58,-14.45,11.99,26.51,5.43,10.89,9.89,10.78,12.71,8.09,6.68,13.21,19.49,3.27,3.83,-6.08,3.48
INC,PS Ratio,,,1.14,1.62,1.36,1.15,1.32,1.44,1.21,1.36,1.52,1.68,2.07,1.63,0.52,0.88,0.85,0.55,0.62,1.13,1.11,0.92,1.14,1.18,0.67,0.68,0.56,0.7,0.28,0.39,0.42
INC,PB Ratio,,,1.21,1.59,1.53,1.83,1.83,1.75,1.05,1.24,1.32,1.44,1.51,1.34,0.6,0.64,0.69,0.45,0.48,1.01,0.95,0.91,1.05,0.97,0.76,0.59,0.43,0.59,1.02,0.66,0.82
INC,P/FCF Ratio,,,3.94,7.66,3.68,3.35,4.54,7.25,11.27,7.71,7.94,7.6,6.04,8.02,3.83,8.02,5.12,4.59,5.61,16.95,5.93,5.55,11.91,21.35,5.64,-4.36,18.21,-56.84,1.44,-2.21,-1.31
INC,P/OCF Ratio,,,3.94,7.66,3.68,3.35,4.54,7.25,11.27,7.71,7.94,7.6,6.04,8.02,3.83,8.02,5.12,4.59,5.61,16.95,5.93,5.55,11.91,21.35,5.64,-4.36,18.21,-56.84,1.44,-2.21,-1.31
INC,EV/Sales Ratio,,-0.11,1.07,1.01,1.25,1.15,1.3,1.22,1.2,1.32,1.51,1.52,2.36,1.99,0.52,1.05,1.13,0.66,0.74,1.42,1.22,1.09,1.33,1.44,0.88,0.9,0.84,0.92,0.44,0.61,0.78
INC,EV/EBITDA Ratio,,-0.73,6.82,4.75,9.34,11.14,9.13,9.6,130.12,7.86,7.28,7.17,10.32,9.71,22.65,-22.57,8.12,8.92,4.57,8.97,7.32,8.72,9.93,14.85,6.62,12.46,20.79,3.33,4.14,-8.76,2.11
INC,EV/EBIT Ratio,,-0.73,6.82,4.75,9.34,11.14,9.13,9.6,130.12,7.86,7.28,7.17,10.32,9.71,22.65,-22.57,8.12,8.92,4.57,8.97,7.32,8.72,9.93,14.85,6.62,12.46,20.79,3.33,4.14,-8.76,2.11
INC,EV/FCF Ratio,,-0.22,3.7,4.77,3.38,3.36,4.46,6.14,11.22,7.49,7.88,6.89,6.86,9.81,3.8,9.49,6.87,5.52,6.72,21.28,6.56,6.62,13.97,26.06,7.44,-5.77,27.52,-75.34,2.3,-3.45,-1.49
INC,Debt / Equity Ratio,,0.25,0.18,0.16,0.33,0.45,0.36,0.32,0.31,0.26,0.26,0.23,0.34,0.44,0.7,0.46,0.45,0.43,0.38,0.43,0.35,0.41,0.37,0.31,0.41,0.32,0.29,0.32,1.27,0.86,0.78
INC,Debt / EBITDA Ratio,,1.63,1.09,0.78,2.18,2.72,1.81,2.08,38.93,1.69,1.44,1.25,2.03,2.62,26.28,-13.71,3.95,7.21,3.02,3.07,2.44,3.26,2.99,3.86,2.68,5.11,9.45,1.35,3.21,-7.28,2.17
INC,Debt / FCF Ratio,,0.5,0.59,0.78,0.79,0.82,0.89,1.33,3.36,1.61,1.56,1.2,1.35,2.64,4.41,5.76,3.34,4.46,4.44,7.29,2.19,2.48,4.2,6.78,3.01,-2.37,12.51,-30.53,1.79,-2.87,-1.53
INC,Interest Coverage,8.6,9.21,8.8,11.23,6.96,5.26,6.99,6.7,0.44,9.33,11.11,13.36,8.89,6.95,0.75,-2,5,2.68,6.84,7.15,8.48,6.26,5.4,5.47,7.35,3.82,2.49,18.2,7.1,-2.47,8.55
INC,Asset Turnover,,,0.07,0.06,0.07,0.07,0.07,0.07,0.05,0.05,0.05,0.05,0.06,0.05,0.05,0.05,0.06,0.05,0.05,0.05,0.06,0.05,0.05,0.05,0.06,0.05,0.05,0.05,0.06,0.03,0.04
INC,Return on Equity (ROE),,,11.60%,20.30%,9.70%,9.80%,13.80%,10.50%,0.90%,9.00%,11.90%,13.30%,12.50%,10.20%,0.60%,-5.20%,5.70%,1.60%,9.10%,9.00%,9.90%,7.80%,7.80%,12.90%,10.80%,4.80%,2.40%,18.10%,17.40%,-13.30%,27.10%
INC,Return on Assets (ROA),,,0.80%,1.20%,0.60%,0.50%,0.60%,0.60%,0.10%,0.50%,0.60%,0.70%,0.80%,0.60%,0.00%,-0.30%,0.40%,0.10%,0.60%,0.50%,0.60%,0.50%,0.50%,0.80%,0.60%,0.30%,0.10%,1.00%,0.40%,-0.20%,0.50%
INC,Return on Capital (ROIC),,7.22%,8.65%,2.17%,8.32%,9.19%,10.78%,9.40%,0.61%,10.09%,10.21%,11.46%,8.99%,8.34%,1.06%,-1.89%,5.96%,1.89%,7.35%,7.50%,8.07%,7.16%,7.38%,11.23%,9.41%,4.61%,2.84%,14.60%,13.68%,-6.36%,14.76%
INC,Earnings Yield,,,9.48%,11.79%,6.17%,5.89%,6.86%,5.93%,0.87%,7.12%,8.67%,9.05%,7.15%,7.75%,1.18%,-6.92%,8.34%,3.77%,18.43%,9.19%,10.11%,9.28%,7.87%,12.36%,14.97%,7.57%,5.13%,30.63%,26.12%,-16.43%,28.70%
INC,FCF Yield,,,25.35%,13.06%,27.19%,29.83%,22.01%,13.79%,8.87%,12.97%,12.60%,13.15%,16.56%,12.47%,26.12%,12.47%,19.53%,21.78%,17.82%,5.90%,16.86%,18.03%,8.40%,4.68%,17.73%,-22.95%,5.49%,-1.76%,69.43%,-45.33%,-70.32%
INC,Dividend Yield,4.70%,3.20%,3.50%,2.50%,2.50%,2.80%,2.50%,2.50%,4.10%,3.30%,3.00%,2.80%,2.30%,2.70%,8.80%,1.00%,0.10%,1.00%,1.20%,0.90%,1.10%,1.60%,1.50%,1.50%,2.60%,2.50%,3.20%,2.50%,5.90%,6.70%,5.38%
INC,Payout Ratio,48.70%,36.00%,37.20%,21.50%,40.90%,47.20%,35.70%,42.20%,474.10%,46.40%,34.90%,30.40%,29.20%,35.10%,754.50%,-13.00%,1.70%,27.80%,6.80%,10.30%,11.00%,17.40%,19.60%,12.40%,17.40%,33.60%,62.00%,8.30%,22.70%,-36.60%,18.69%
INC,Buyback Yield / Dilution,,,,1.75%,0.33%,3.27%,1.99%,1.11%,6.54%,-0.53%,1.90%,0.78%,-60.11%,2.94%,4.96%,-18.05%,-4.86%,4.77%,8.83%,4.61%,0.97%,4.74%,7.64%,4.26%,2.39%,7.15%,2.55%,6.50%,6.36%,-0.26%,-0.92%
INC,Total Shareholder Return,4.70%,3.20%,3.50%,4.25%,2.83%,6.07%,4.49%,3.61%,10.64%,2.77%,4.90%,3.58%,-57.81%,5.64%,13.76%,-17.05%,-4.76%,5.77%,10.03%,5.51%,2.07%,6.34%,9.14%,5.76%,4.99%,9.65%,5.75%,9.00%,12.26%,6.44%,4.44%
